Desglose Geográfico,Desglose por sexo,edad_agrupada,Nombre de medidas,Todas las causas,Prom. Número de registros,Valores de medidas
Nacional,Ambos Sexos,85 años y +,Ganancia en Esperanza de vida,Todas las causas no excluídas,1,0
Nacional,Ambos Sexos,80 a 84,Ganancia en Esperanza de vida,Todas las causas no excluídas,1,0
Nacional,Ambos Sexos,75 a 79,Ganancia en Esperanza de vida,Todas las causas no excluídas,1,1.776356839e-15
Nacional,Ambos Sexos,70 a 74,Ganancia en Esperanza de vida,Todas las causas no excluídas,1,0
Nacional,Ambos Sexos,65 a 69,Ganancia en Esperanza de vida,Todas las causas no excluídas,1,-3.552713679e-15
Nacional,Ambos Sexos,60 a 64,Ganancia en Esperanza de vida,Todas las causas no excluídas,1,0
Nacional,Ambos Sexos,55 a 59,Ganancia en Esperanza de vida,Todas las causas no excluídas,1,7.105427358e-15
Nacional,Ambos Sexos,50 a 54,Ganancia en Esperanza de vida,Todas las causas no excluídas,1,-7.105427358e-15
Nacional,Ambos Sexos,45 a 49,Ganancia en Esperanza de vida,Todas las causas no excluídas,1,7.105427358e-15
Nacional,Ambos Sexos,40 a 44,Ganancia en Esperanza de vida,Todas las causas no excluídas,1,1.421085472e-14
Nacional,Ambos Sexos,35 a 39,Ganancia en Esperanza de vida,Todas las causas no excluídas,1,1.421085472e-14
Nacional,Ambos Sexos,30 a 34,Ganancia en Esperanza de vida,Todas las causas no excluídas,1,3.552713679e-14
Nacional,Ambos Sexos,25 a 29,Ganancia en Esperanza de vida,Todas las causas no excluídas,1,1.421085472e-14
Nacional,Ambos Sexos,20 a 24,Ganancia en Esperanza de vida,Todas las causas no excluídas,1,2.131628207e-14
Nacional,Ambos Sexos,15 a 19,Ganancia en Esperanza de vida,Todas las causas no excluídas,1,2.842170943e-14
Nacional,Ambos Sexos,10 a 14,Ganancia en Esperanza de vida,Todas las causas no excluídas,1,1.421085472e-14
Nacional,Ambos Sexos,5 a 9,Ganancia en Esperanza de vida,Todas las causas no excluídas,1,2.842170943e-14
Nacional,Ambos Sexos,1 a 4,Ganancia en Esperanza de vida,Todas las causas no excluídas,1,2.842170943e-14
Nacional,Ambos Sexos,Menor de 1,Ganancia en Esperanza de vida,Todas las causas no excluídas,1,4.263256415e-14
Nacional,Ambos Sexos,85 años y +,Esperanza de vida,Todas las causas no excluídas,1,5.752939609
Nacional,Ambos Sexos,80 a 84,Esperanza de vida,Todas las causas no excluídas,1,8.210048605
Nacional,Ambos Sexos,75 a 79,Esperanza de vida,Todas las causas no excluídas,1,11.059438680
Nacional,Ambos Sexos,70 a 74,Esperanza de vida,Todas las causas no excluídas,1,14.214246047
Nacional,Ambos Sexos,65 a 69,Esperanza de vida,Todas las causas no excluídas,1,17.671944523
Nacional,Ambos Sexos,60 a 64,Esperanza de vida,Todas las causas no excluídas,1,21.381923336
Nacional,Ambos Sexos,55 a 59,Esperanza de vida,Todas las causas no excluídas,1,25.341112420
Nacional,Ambos Sexos,50 a 54,Esperanza de vida,Todas las causas no excluídas,1,29.519177456
Nacional,Ambos Sexos,45 a 49,Esperanza de vida,Todas las causas no excluídas,1,33.828585853
Nacional,Ambos Sexos,40 a 44,Esperanza de vida,Todas las causas no excluídas,1,38.263784721
Nacional,Ambos Sexos,35 a 39,Esperanza de vida,Todas las causas no excluídas,1,42.768992602
Nacional,Ambos Sexos,30 a 34,Esperanza de vida,Todas las causas no excluídas,1,47.289292457
Nacional,Ambos Sexos,25 a 29,Esperanza de vida,Todas las causas no excluídas,1,51.858278729
Nacional,Ambos Sexos,20 a 24,Esperanza de vida,Todas las causas no excluídas,1,56.476758527
Nacional,Ambos Sexos,15 a 19,Esperanza de vida,Todas las causas no excluídas,1,61.228361816
Nacional,Ambos Sexos,10 a 14,Esperanza de vida,Todas las causas no excluídas,1,66.136951450
Nacional,Ambos Sexos,5 a 9,Esperanza de vida,Todas las causas no excluídas,1,71.058279636
Nacional,Ambos Sexos,1 a 4,Esperanza de vida,Todas las causas no excluídas,1,74.900036295
Nacional,Ambos Sexos,Menor de 1,Esperanza de vida,Todas las causas no excluídas,1,75.110032596
Nacional,Ambos Sexos,85 años y +,Años persona vividos acumulados,Todas las causas no excluídas,1,196268.046589562
Nacional,Ambos Sexos,80 a 84,Años persona vividos acumulados,Todas las causas no excluídas,1,405252.674166729
Nacional,Ambos Sexos,75 a 79,Años persona vividos acumulados,Todas las causas no excluídas,1,683824.675825464
Nacional,Ambos Sexos,70 a 74,Años persona vividos acumulados,Todas las causas no excluídas,1,1017842.81161445
Nacional,Ambos Sexos,65 a 69,Años persona vividos acumulados,Todas las causas no excluídas,1,1394400.92477707
Nacional,Ambos Sexos,60 a 64,Años persona vividos acumulados,Todas las causas no excluídas,1,1802922.46559367
Nacional,Ambos Sexos,55 a 59,Años persona vividos acumulados,Todas las causas no excluídas,1,2234607.93071497
Nacional,Ambos Sexos,50 a 54,Años persona vividos acumulados,Todas las causas no excluídas,1,2682497.65293693
Nacional,Ambos Sexos,45 a 49,Años persona vividos acumulados,Todas las causas no excluídas,1,3142023.23434958
Nacional,Ambos Sexos,40 a 44,Años persona vividos acumulados,Todas las causas no excluídas,1,3610308.60060206
Nacional,Ambos Sexos,35 a 39,Años persona vividos acumulados,Todas las causas no excluídas,1,4085075.0413727
Nacional,Ambos Sexos,30 a 34,Años persona vividos acumulados,Todas las causas no excluídas,1,4565251.78196146
Nacional,Ambos Sexos,25 a 29,Años persona vividos acumulados,Todas las causas no excluídas,1,5050079.34538365
Nacional,Ambos Sexos,20 a 24,Años persona vividos acumulados,Todas las causas no excluídas,1,5538802.48370185
Nacional,Ambos Sexos,15 a 19,Años persona vividos acumulados,Todas las causas no excluídas,1,6030343.50695226
Nacional,Ambos Sexos,10 a 14,Años persona vividos acumulados,Todas las causas no excluídas,1,6523179.5941669
Nacional,Ambos Sexos,5 a 9,Años persona vividos acumulados,Todas las causas no excluídas,1,7016617.9680744
Nacional,Ambos Sexos,1 a 4,Años persona vividos acumulados,Todas las causas no excluídas,1,7411907.90645036
Nacional,Ambos Sexos,Menor de 1,Años persona vividos acumulados,Todas las causas no excluídas,1,7511003.25961008
Nacional,Ambos Sexos,85 años y +,Años persona vividos,Todas las causas no excluídas,1,196268.046589562
Nacional,Ambos Sexos,80 a 84,Años persona vividos,Todas las causas no excluídas,1,208984.627577167
Nacional,Ambos Sexos,75 a 79,Años persona vividos,Todas las causas no excluídas,1,278572.001658735
Nacional,Ambos Sexos,70 a 74,Años persona vividos,Todas las causas no excluídas,1,334018.135788986
Nacional,Ambos Sexos,65 a 69,Años persona vividos,Todas las causas no excluídas,1,376558.11316262
Nacional,Ambos Sexos,60 a 64,Años persona vividos,Todas las causas no excluídas,1,408521.540816601
Nacional,Ambos Sexos,55 a 59,Años persona vividos,Todas las causas no excluídas,1,431685.465121298
Nacional,Ambos Sexos,50 a 54,Años persona vividos,Todas las causas no excluídas,1,447889.722221958
Nacional,Ambos Sexos,45 a 49,Años persona vividos,Todas las causas no excluídas,1,459525.581412653
Nacional,Ambos Sexos,40 a 44,Años persona vividos,Todas las causas no excluídas,1,468285.366252483
Nacional,Ambos Sexos,35 a 39,Años persona vividos,Todas las causas no excluídas,1,474766.440770631
Nacional,Ambos Sexos,30 a 34,Años persona vividos,Todas las causas no excluídas,1,480176.740588765
Nacional,Ambos Sexos,25 a 29,Años persona vividos,Todas las causas no excluídas,1,484827.563422189
Nacional,Ambos Sexos,20 a 24,Años persona vividos,Todas las causas no excluídas,1,488723.1383182
Nacional,Ambos Sexos,15 a 19,Años persona vividos,Todas las causas no excluídas,1,491541.023250409
Nacional,Ambos Sexos,10 a 14,Años persona vividos,Todas las causas no excluídas,1,492836.087214636
Nacional,Ambos Sexos,5 a 9,Años persona vividos,Todas las causas no excluídas,1,493438.3739075
Nacional,Ambos Sexos,1 a 4,Años persona vividos,Todas las causas no excluídas,1,395289.938375968
Nacional,Ambos Sexos,Menor de 1,Años persona vividos,Todas las causas no excluídas,1,99095.353159721
Nacional,Ambos Sexos,85 años y +,Defunciones,Todas las causas no excluídas,1,34116.131911019
Nacional,Ambos Sexos,80 a 84,Defunciones,Todas las causas no excluídas,1,15244.437517616
Nacional,Ambos Sexos,75 a 79,Defunciones,Todas las causas no excluídas,1,12471.201206033
Nacional,Ambos Sexos,70 a 74,Defunciones,Todas las causas no excluídas,1,9775.461168935
Nacional,Ambos Sexos,65 a 69,Defunciones,Todas las causas no excluídas,1,7297.549893829
Nacional,Ambos Sexos,60 a 64,Defunciones,Todas las causas no excluídas,1,5415.157031531
Nacional,Ambos Sexos,55 a 59,Defunciones,Todas las causas no excluídas,1,3861.191352339
Nacional,Ambos Sexos,50 a 54,Defunciones,Todas las causas no excluídas,1,2691.918700097
Nacional,Ambos Sexos,45 a 49,Defunciones,Todas las causas no excluídas,1,2007.666007856
Nacional,Ambos Sexos,40 a 44,Defunciones,Todas las causas no excluídas,1,1472.434720052
Nacional,Ambos Sexos,35 a 39,Defunciones,Todas las causas no excluídas,1,1161.726871859
Nacional,Ambos Sexos,30 a 34,Defunciones,Todas las causas no excluídas,1,1023.928595717
Nacional,Ambos Sexos,25 a 29,Defunciones,Todas las causas no excluídas,1,843.512160588
Nacional,Ambos Sexos,20 a 24,Defunciones,Todas las causas no excluídas,1,689.927590676
Nacional,Ambos Sexos,15 a 19,Defunciones,Todas las causas no excluídas,1,417.137121428
Nacional,Ambos Sexos,10 a 14,Defunciones,Todas las causas no excluídas,1,142.010301601
Nacional,Ambos Sexos,5 a 9,Defunciones,Todas las causas no excluídas,1,113.159560513
Nacional,Ambos Sexos,1 a 4,Defunciones,Todas las causas no excluídas,1,212.782263830
Nacional,Ambos Sexos,Menor de 1,Defunciones,Todas las causas no excluídas,1,1042.666024480
Nacional,Ambos Sexos,85 años y +,Personas vivas,Todas las causas no excluídas,1,34116.131911019
Nacional,Ambos Sexos,80 a 84,Personas vivas,Todas las causas no excluídas,1,49360.569428634
Nacional,Ambos Sexos,75 a 79,Personas vivas,Todas las causas no excluídas,1,61831.770634667
Nacional,Ambos Sexos,70 a 74,Personas vivas,Todas las causas no excluídas,1,71607.231803602
Nacional,Ambos Sexos,65 a 69,Personas vivas,Todas las causas no excluídas,1,78904.781697431
Nacional,Ambos Sexos,60 a 64,Personas vivas,Todas las causas no excluídas,1,84319.938728962
Nacional,Ambos Sexos,55 a 59,Personas vivas,Todas las causas no excluídas,1,88181.130081302
Nacional,Ambos Sexos,50 a 54,Personas vivas,Todas las causas no excluídas,1,90873.048781399
Nacional,Ambos Sexos,45 a 49,Personas vivas,Todas las causas no excluídas,1,92880.714789255
Nacional,Ambos Sexos,40 a 44,Personas vivas,Todas las causas no excluídas,1,94353.149509307
Nacional,Ambos Sexos,35 a 39,Personas vivas,Todas las causas no excluídas,1,95514.876381166
Nacional,Ambos Sexos,30 a 34,Personas vivas,Todas las causas no excluídas,1,96538.804976883
Nacional,Ambos Sexos,25 a 29,Personas vivas,Todas las causas no excluídas,1,97382.317137471
Nacional,Ambos Sexos,20 a 24,Personas vivas,Todas las causas no excluídas,1,98072.244728147
Nacional,Ambos Sexos,15 a 19,Personas vivas,Todas las causas no excluídas,1,98489.381849575
Nacional,Ambos Sexos,10 a 14,Personas vivas,Todas las causas no excluídas,1,98631.392151177
Nacional,Ambos Sexos,5 a 9,Personas vivas,Todas las causas no excluídas,1,98744.55171169
Nacional,Ambos Sexos,1 a 4,Personas vivas,Todas las causas no excluídas,1,98957.333975520
Nacional,Ambos Sexos,Menor de 1,Personas vivas,Todas las causas no excluídas,1,100000
Nacional,Ambos Sexos,85 años y +,Prob. neta de morir,Todas las causas no excluídas,1,1
Nacional,Ambos Sexos,80 a 84,Prob. neta de morir,Todas las causas no excluídas,1,0.308838364
Nacional,Ambos Sexos,75 a 79,Prob. neta de morir,Todas las causas no excluídas,1,0.201695683
Nacional,Ambos Sexos,70 a 74,Prob. neta de morir,Todas las causas no excluídas,1,0.136514999
Nacional,Ambos Sexos,65 a 69,Prob. neta de morir,Todas las causas no excluídas,1,0.092485522
Nacional,Ambos Sexos,60 a 64,Prob. neta de morir,Todas las causas no excluídas,1,0.064221549
Nacional,Ambos Sexos,55 a 59,Prob. neta de morir,Todas las causas no excluídas,1,0.043787048
Nacional,Ambos Sexos,50 a 54,Prob. neta de morir,Todas las causas no excluídas,1,0.029622850
Nacional,Ambos Sexos,45 a 49,Prob. neta de morir,Todas las causas no excluídas,1,0.021615531
Nacional,Ambos Sexos,40 a 44,Prob. neta de morir,Todas las causas no excluídas,1,0.015605570
Nacional,Ambos Sexos,35 a 39,Prob. neta de morir,Todas las causas no excluídas,1,0.012162785
Nacional,Ambos Sexos,30 a 34,Prob. neta de morir,Todas las causas no excluídas,1,0.010606394
Nacional,Ambos Sexos,25 a 29,Prob. neta de morir,Todas las causas no excluídas,1,0.008661862
Nacional,Ambos Sexos,20 a 24,Prob. neta de morir,Todas las causas no excluídas,1,0.007034891
Nacional,Ambos Sexos,15 a 19,Prob. neta de morir,Todas las causas no excluídas,1,0.004235351
Nacional,Ambos Sexos,10 a 14,Prob. neta de morir,Todas las causas no excluídas,1,0.001439808
Nacional,Ambos Sexos,5 a 9,Prob. neta de morir,Todas las causas no excluídas,1,0.001145983
Nacional,Ambos Sexos,1 a 4,Prob. neta de morir,Todas las causas no excluídas,1,0.002150242
Nacional,Ambos Sexos,Menor de 1,Prob. neta de morir,Todas las causas no excluídas,1,0.010426660
Nacional,Ambos Sexos,85 años y +,Impacto por grupo etario,Todas las causas no excluídas,1,0
Nacional,Ambos Sexos,80 a 84,Impacto por grupo etario,Todas las causas no excluídas,1,0
Nacional,Ambos Sexos,75 a 79,Impacto por grupo etario,Todas las causas no excluídas,1,1.376111536e-16
Nacional,Ambos Sexos,70 a 74,Impacto por grupo etario,Todas las causas no excluídas,1,-2.033152096e-16
Nacional,Ambos Sexos,65 a 69,Impacto por grupo etario,Todas las causas no excluídas,1,1.500536253e-15
Nacional,Ambos Sexos,60 a 64,Impacto por grupo etario,Todas las causas no excluídas,1,1.512646720e-15
Nacional,Ambos Sexos,55 a 59,Impacto por grupo etario,Todas las causas no excluídas,1,1.584690967e-16
Nacional,Ambos Sexos,50 a 54,Impacto por grupo etario,Todas las causas no excluídas,1,7.027237979e-16
Nacional,Ambos Sexos,45 a 49,Impacto por grupo etario,Todas las causas no excluídas,1,-4.815213958e-16
Nacional,Ambos Sexos,40 a 44,Impacto por grupo etario,Todas las causas no excluídas,1,1.778568476e-15
Nacional,Ambos Sexos,35 a 39,Impacto por grupo etario,Todas las causas no excluídas,1,7.131275964e-16
Nacional,Ambos Sexos,30 a 34,Impacto por grupo etario,Todas las causas no excluídas,1,-1.635545018e-16
Nacional,Ambos Sexos,25 a 29,Impacto por grupo etario,Todas las causas no excluídas,1,-4.005428720e-16
Nacional,Ambos Sexos,20 a 24,Impacto por grupo etario,Todas las causas no excluídas,1,8.630598290e-16
Nacional,Ambos Sexos,15 a 19,Impacto por grupo etario,Todas las causas no excluídas,1,0
Nacional,Ambos Sexos,10 a 14,Impacto por grupo etario,Todas las causas no excluídas,1,9.036220762e-16
Nacional,Ambos Sexos,5 a 9,Impacto por grupo etario,Todas las causas no excluídas,1,0
Nacional,Ambos Sexos,1 a 4,Impacto por grupo etario,Todas las causas no excluídas,1,-2.016892847e-16
Nacional,Ambos Sexos,Menor de 1,Impacto por grupo etario,Todas las causas no excluídas,1,2.329233723e-15
Nacional,Ambos Sexos,85 años y +,Prob. específica de morir por causa ,Todas las causas no excluídas,1,1
Nacional,Ambos Sexos,80 a 84,Prob. específica de morir por causa ,Todas las causas no excluídas,1,0
Nacional,Ambos Sexos,75 a 79,Prob. específica de morir por causa ,Todas las causas no excluídas,1,3.934602133e-17
Nacional,Ambos Sexos,70 a 74,Prob. específica de morir por causa ,Todas las causas no excluídas,1,-2.809342910e-17
Nacional,Ambos Sexos,65 a 69,Prob. específica de morir por causa ,Todas las causas no excluídas,1,1.448869852e-16
Nacional,Ambos Sexos,60 a 64,Prob. específica de morir por causa ,Todas las causas no excluídas,1,9.352449437e-17
Nacional,Ambos Sexos,55 a 59,Prob. específica de morir por causa ,Todas las causas no excluídas,1,6.275670345e-18
Nacional,Ambos Sexos,50 a 54,Prob. específica de morir por causa ,Todas las causas no excluídas,1,2.133998146e-17
Nacional,Ambos Sexos,45 a 49,Prob. específica de morir por causa ,Todas las causas no excluídas,1,-9.308387858e-18
Nacional,Ambos Sexos,40 a 44,Prob. específica de morir por causa ,Todas las causas no excluídas,1,2.829659239e-17
Nacional,Ambos Sexos,35 a 39,Prob. específica de morir por causa ,Todas las causas no excluídas,1,8.161459983e-18
Nacional,Ambos Sexos,30 a 34,Prob. específica de morir por causa ,Todas las causas no excluídas,1,-1.855250187e-18
Nacional,Ambos Sexos,25 a 29,Prob. específica de morir por causa ,Todas las causas no excluídas,1,-3.423984297e-18
Nacional,Ambos Sexos,20 a 24,Prob. específica de morir por causa ,Todas las causas no excluídas,1,5.842525450e-18
Nacional,Ambos Sexos,15 a 19,Prob. específica de morir por causa ,Todas las causas no excluídas,1,0
Nacional,Ambos Sexos,10 a 14,Prob. específica de morir por causa ,Todas las causas no excluídas,1,1.223418237e-18
Nacional,Ambos Sexos,5 a 9,Prob. específica de morir por causa ,Todas las causas no excluídas,1,0
Nacional,Ambos Sexos,1 a 4,Prob. específica de morir por causa ,Todas las causas no excluídas,1,-4.157139792e-19
Nacional,Ambos Sexos,Menor de 1,Prob. específica de morir por causa ,Todas las causas no excluídas,1,2.344538529e-17
Nacional,Ambos Sexos,85 años y +,Tasa Gral. (-causas),Todas las causas no excluídas,1,0.141979524
Nacional,Ambos Sexos,80 a 84,Tasa Gral. (-causas),Todas las causas no excluídas,1,0.072945258
Nacional,Ambos Sexos,75 a 79,Tasa Gral. (-causas),Todas las causas no excluídas,1,0.044768323
Nacional,Ambos Sexos,70 a 74,Tasa Gral. (-causas),Todas las causas no excluídas,1,0.029266259
Nacional,Ambos Sexos,65 a 69,Tasa Gral. (-causas),Todas las causas no excluídas,1,0.019379611
Nacional,Ambos Sexos,60 a 64,Tasa Gral. (-causas),Todas las causas no excluídas,1,0.013255499
Nacional,Ambos Sexos,55 a 59,Tasa Gral. (-causas),Todas las causas no excluídas,1,0.008944455
Nacional,Ambos Sexos,50 a 54,Tasa Gral. (-causas),Todas las causas no excluídas,1,0.006010227
Nacional,Ambos Sexos,45 a 49,Tasa Gral. (-causas),Todas las causas no excluídas,1,0.004368997
Nacional,Ambos Sexos,40 a 44,Tasa Gral. (-causas),Todas las causas no excluídas,1,0.003144311
Nacional,Ambos Sexos,35 a 39,Tasa Gral. (-causas),Todas las causas no excluídas,1,0.002446944
Nacional,Ambos Sexos,30 a 34,Tasa Gral. (-causas),Todas las causas no excluídas,1,0.002132399
Nacional,Ambos Sexos,25 a 29,Tasa Gral. (-causas),Todas las causas no excluídas,1,0.001739819
Nacional,Ambos Sexos,20 a 24,Tasa Gral. (-causas),Todas las causas no excluídas,1,0.001411694
Nacional,Ambos Sexos,15 a 19,Tasa Gral. (-causas),Todas las causas no excluídas,1,0.000848631
Nacional,Ambos Sexos,10 a 14,Tasa Gral. (-causas),Todas las causas no excluídas,1,0.000288149
Nacional,Ambos Sexos,5 a 9,Tasa Gral. (-causas),Todas las causas no excluídas,1,0.000229329
Nacional,Ambos Sexos,1 a 4,Tasa Gral. (-causas),Todas las causas no excluídas,1,0.000538294
Nacional,Ambos Sexos,Menor de 1,Tasa Gral. (-causas),Todas las causas no excluídas,1,0.010521846
Nacional,Ambos Sexos,85 años y +,Muertes por causa(s) excluidas,Todas las causas no excluídas,1,-2.182787284e-10
Nacional,Ambos Sexos,80 a 84,Muertes por causa(s) excluidas,Todas las causas no excluídas,1,0
Nacional,Ambos Sexos,75 a 79,Muertes por causa(s) excluidas,Todas las causas no excluídas,1,1.455191523e-11
Nacional,Ambos Sexos,70 a 74,Muertes por causa(s) excluidas,Todas las causas no excluídas,1,-1.455191523e-11
Nacional,Ambos Sexos,65 a 69,Muertes por causa(s) excluidas,Todas las causas no excluídas,1,1.018634066e-10
Nacional,Ambos Sexos,60 a 64,Muertes por causa(s) excluidas,Todas las causas no excluídas,1,8.731149137e-11
Nacional,Ambos Sexos,55 a 59,Muertes por causa(s) excluidas,Todas las causas no excluídas,1,7.275957614e-12
Nacional,Ambos Sexos,50 a 54,Muertes por causa(s) excluidas,Todas las causas no excluídas,1,2.910383046e-11
Nacional,Ambos Sexos,45 a 49,Muertes por causa(s) excluidas,Todas las causas no excluídas,1,-1.455191523e-11
Nacional,Ambos Sexos,40 a 44,Muertes por causa(s) excluidas,Todas las causas no excluídas,1,4.729372449e-11
Nacional,Ambos Sexos,35 a 39,Muertes por causa(s) excluidas,Todas las causas no excluídas,1,1.455191523e-11
Nacional,Ambos Sexos,30 a 34,Muertes por causa(s) excluidas,Todas las causas no excluídas,1,-3.637978807e-12
Nacional,Ambos Sexos,25 a 29,Muertes por causa(s) excluidas,Todas las causas no excluídas,1,-7.275957614e-12
Nacional,Ambos Sexos,20 a 24,Muertes por causa(s) excluidas,Todas las causas no excluídas,1,1.273292582e-11
Nacional,Ambos Sexos,15 a 19,Muertes por causa(s) excluidas,Todas las causas no excluídas,1,0
Nacional,Ambos Sexos,10 a 14,Muertes por causa(s) excluidas,Todas las causas no excluídas,1,2.728484105e-12
Nacional,Ambos Sexos,5 a 9,Muertes por causa(s) excluidas,Todas las causas no excluídas,1,0
Nacional,Ambos Sexos,1 a 4,Muertes por causa(s) excluidas,Todas las causas no excluídas,1,-9.094947018e-13
Nacional,Ambos Sexos,Menor de 1,Muertes por causa(s) excluidas,Todas las causas no excluídas,1,5.093170330e-11
Nacional,Ambos Sexos,85 años y +,Muertes (-causas),Todas las causas no excluídas,1,130760.302223358
Nacional,Ambos Sexos,80 a 84,Muertes (-causas),Todas las causas no excluídas,1,76872.630393028
Nacional,Ambos Sexos,75 a 79,Muertes (-causas),Todas las causas no excluídas,1,74596.067941646
Nacional,Ambos Sexos,70 a 74,Muertes (-causas),Todas las causas no excluídas,1,70712.431854998
Nacional,Ambos Sexos,65 a 69,Muertes (-causas),Todas las causas no excluídas,1,65022.336433770
Nacional,Ambos Sexos,60 a 64,Muertes (-causas),Todas las causas no excluídas,1,59955.193687971
Nacional,Ambos Sexos,55 a 59,Muertes (-causas),Todas las causas no excluídas,1,50766.322301925
Nacional,Ambos Sexos,50 a 54,Muertes (-causas),Todas las causas no excluídas,1,40400.147858574
Nacional,Ambos Sexos,45 a 49,Muertes (-causas),Todas las causas no excluídas,1,33791.821470284
Nacional,Ambos Sexos,40 a 44,Muertes (-causas),Todas las causas no excluídas,1,26082.488599059
Nacional,Ambos Sexos,35 a 39,Muertes (-causas),Todas las causas no excluídas,1,21686.292828542
Nacional,Ambos Sexos,30 a 34,Muertes (-causas),Todas las causas no excluídas,1,20798.184868072
Nacional,Ambos Sexos,25 a 29,Muertes (-causas),Todas las causas no excluídas,1,18406.433245224
Nacional,Ambos Sexos,20 a 24,Muertes (-causas),Todas las causas no excluídas,1,15331.512222170
Nacional,Ambos Sexos,15 a 19,Muertes (-causas),Todas las causas no excluídas,1,9386.060446062
Nacional,Ambos Sexos,10 a 14,Muertes (-causas),Todas las causas no excluídas,1,3211.080288508
Nacional,Ambos Sexos,5 a 9,Muertes (-causas),Todas las causas no excluídas,1,2537.082445790
Nacional,Ambos Sexos,1 a 4,Muertes (-causas),Todas las causas no excluídas,1,4704.278053509
Nacional,Ambos Sexos,Menor de 1,Muertes (-causas),Todas las causas no excluídas,1,22650.408998282
Nacional,Ambos Sexos,85 años y +,Prob. de morir,Todas las causas no excluídas,1,1
Nacional,Ambos Sexos,80 a 84,Prob. de morir,Todas las causas no excluídas,1,0.308838364
Nacional,Ambos Sexos,75 a 79,Prob. de morir,Todas las causas no excluídas,1,0.201695683
Nacional,Ambos Sexos,70 a 74,Prob. de morir,Todas las causas no excluídas,1,0.136514999
Nacional,Ambos Sexos,65 a 69,Prob. de morir,Todas las causas no excluídas,1,0.092485522
Nacional,Ambos Sexos,60 a 64,Prob. de morir,Todas las causas no excluídas,1,0.064221549
Nacional,Ambos Sexos,55 a 59,Prob. de morir,Todas las causas no excluídas,1,0.043787048
Nacional,Ambos Sexos,50 a 54,Prob. de morir,Todas las causas no excluídas,1,0.029622850
Nacional,Ambos Sexos,45 a 49,Prob. de morir,Todas las causas no excluídas,1,0.021615531
Nacional,Ambos Sexos,40 a 44,Prob. de morir,Todas las causas no excluídas,1,0.015605570
Nacional,Ambos Sexos,35 a 39,Prob. de morir,Todas las causas no excluídas,1,0.012162785
Nacional,Ambos Sexos,30 a 34,Prob. de morir,Todas las causas no excluídas,1,0.010606394
Nacional,Ambos Sexos,25 a 29,Prob. de morir,Todas las causas no excluídas,1,0.008661862
Nacional,Ambos Sexos,20 a 24,Prob. de morir,Todas las causas no excluídas,1,0.007034891
Nacional,Ambos Sexos,15 a 19,Prob. de morir,Todas las causas no excluídas,1,0.004235351
Nacional,Ambos Sexos,10 a 14,Prob. de morir,Todas las causas no excluídas,1,0.001439808
Nacional,Ambos Sexos,5 a 9,Prob. de morir,Todas las causas no excluídas,1,0.001145983
Nacional,Ambos Sexos,1 a 4,Prob. de morir,Todas las causas no excluídas,1,0.002150242
Nacional,Ambos Sexos,Menor de 1,Prob. de morir,Todas las causas no excluídas,1,0.010426660
Nacional,Ambos Sexos,85 años y +,Ai**,Todas las causas no excluídas,1,0.164369703
Nacional,Ambos Sexos,80 a 84,Ai**,Todas las causas no excluídas,1,0.503842375
Nacional,Ambos Sexos,75 a 79,Ai**,Todas las causas no excluídas,1,0.509480266
Nacional,Ambos Sexos,70 a 74,Ai**,Todas las causas no excluídas,1,0.508605828
Nacional,Ambos Sexos,65 a 69,Ai**,Todas las causas no excluídas,1,0.507621172
Nacional,Ambos Sexos,60 a 64,Ai**,Todas las causas no excluídas,1,0.516979738
Nacional,Ambos Sexos,55 a 59,Ai**,Todas las causas no excluídas,1,0.522417594
Nacional,Ambos Sexos,50 a 54,Ai**,Todas las causas no excluídas,1,0.518891734
Nacional,Ambos Sexos,45 a 49,Ai**,Todas las causas no excluídas,1,0.514063344
Nacional,Ambos Sexos,40 a 44,Ai**,Todas las causas no excluídas,1,0.527261719
Nacional,Ambos Sexos,35 a 39,Ai**,Todas las causas no excluídas,1,0.516591859
Nacional,Ambos Sexos,30 a 34,Ai**,Todas las causas no excluídas,1,0.508308625
Nacional,Ambos Sexos,25 a 29,Ai**,Todas las causas no excluídas,1,0.50587025
Nacional,Ambos Sexos,20 a 24,Ai**,Todas las causas no excluídas,1,0.525142828
Nacional,Ambos Sexos,15 a 19,Ai**,Todas las causas no excluídas,1,0.565665125
Nacional,Ambos Sexos,10 a 14,Ai**,Todas las causas no excluídas,1,0.548098219
Nacional,Ambos Sexos,5 a 9,Ai**,Todas las causas no excluídas,1,0.497374062
Nacional,Ambos Sexos,1 a 4,Ai**,Todas las causas no excluídas,1,0.366256477
Nacional,Ambos Sexos,Menor de 1,Ai**,Todas las causas no excluídas,1,0.132371422
Nacional,Ambos Sexos,85 años y +,Tasa (Gral.) ,Todas las causas no excluídas,1,0.141979524
Nacional,Ambos Sexos,80 a 84,Tasa (Gral.) ,Todas las causas no excluídas,1,0.072945258
Nacional,Ambos Sexos,75 a 79,Tasa (Gral.) ,Todas las causas no excluídas,1,0.044768323
Nacional,Ambos Sexos,70 a 74,Tasa (Gral.) ,Todas las causas no excluídas,1,0.029266259
Nacional,Ambos Sexos,65 a 69,Tasa (Gral.) ,Todas las causas no excluídas,1,0.019379611
Nacional,Ambos Sexos,60 a 64,Tasa (Gral.) ,Todas las causas no excluídas,1,0.013255499
Nacional,Ambos Sexos,55 a 59,Tasa (Gral.) ,Todas las causas no excluídas,1,0.008944455
Nacional,Ambos Sexos,50 a 54,Tasa (Gral.) ,Todas las causas no excluídas,1,0.006010227
Nacional,Ambos Sexos,45 a 49,Tasa (Gral.) ,Todas las causas no excluídas,1,0.004368997
Nacional,Ambos Sexos,40 a 44,Tasa (Gral.) ,Todas las causas no excluídas,1,0.003144311
Nacional,Ambos Sexos,35 a 39,Tasa (Gral.) ,Todas las causas no excluídas,1,0.002446944
Nacional,Ambos Sexos,30 a 34,Tasa (Gral.) ,Todas las causas no excluídas,1,0.002132399
Nacional,Ambos Sexos,25 a 29,Tasa (Gral.) ,Todas las causas no excluídas,1,0.001739819
Nacional,Ambos Sexos,20 a 24,Tasa (Gral.) ,Todas las causas no excluídas,1,0.001411694
Nacional,Ambos Sexos,15 a 19,Tasa (Gral.) ,Todas las causas no excluídas,1,0.000848631
Nacional,Ambos Sexos,10 a 14,Tasa (Gral.) ,Todas las causas no excluídas,1,0.000288149
Nacional,Ambos Sexos,5 a 9,Tasa (Gral.) ,Todas las causas no excluídas,1,0.000229329
Nacional,Ambos Sexos,1 a 4,Tasa (Gral.) ,Todas las causas no excluídas,1,0.000538294
Nacional,Ambos Sexos,Menor de 1,Tasa (Gral.) ,Todas las causas no excluídas,1,0.010521846
Nacional,Ambos Sexos,85 años y +,Muertes (Gral.),Todas las causas no excluídas,1,130760.302223358
Nacional,Ambos Sexos,80 a 84,Muertes (Gral.),Todas las causas no excluídas,1,76872.630393028
Nacional,Ambos Sexos,75 a 79,Muertes (Gral.),Todas las causas no excluídas,1,74596.067941646
Nacional,Ambos Sexos,70 a 74,Muertes (Gral.),Todas las causas no excluídas,1,70712.431854998
Nacional,Ambos Sexos,65 a 69,Muertes (Gral.),Todas las causas no excluídas,1,65022.336433770
Nacional,Ambos Sexos,60 a 64,Muertes (Gral.),Todas las causas no excluídas,1,59955.193687971
Nacional,Ambos Sexos,55 a 59,Muertes (Gral.),Todas las causas no excluídas,1,50766.322301925
Nacional,Ambos Sexos,50 a 54,Muertes (Gral.),Todas las causas no excluídas,1,40400.147858574
Nacional,Ambos Sexos,45 a 49,Muertes (Gral.),Todas las causas no excluídas,1,33791.821470284
Nacional,Ambos Sexos,40 a 44,Muertes (Gral.),Todas las causas no excluídas,1,26082.488599059
Nacional,Ambos Sexos,35 a 39,Muertes (Gral.),Todas las causas no excluídas,1,21686.292828542
Nacional,Ambos Sexos,30 a 34,Muertes (Gral.),Todas las causas no excluídas,1,20798.184868072
Nacional,Ambos Sexos,25 a 29,Muertes (Gral.),Todas las causas no excluídas,1,18406.433245224
Nacional,Ambos Sexos,20 a 24,Muertes (Gral.),Todas las causas no excluídas,1,15331.512222170
Nacional,Ambos Sexos,15 a 19,Muertes (Gral.),Todas las causas no excluídas,1,9386.060446062
Nacional,Ambos Sexos,10 a 14,Muertes (Gral.),Todas las causas no excluídas,1,3211.080288508
Nacional,Ambos Sexos,5 a 9,Muertes (Gral.),Todas las causas no excluídas,1,2537.082445790
Nacional,Ambos Sexos,1 a 4,Muertes (Gral.),Todas las causas no excluídas,1,4704.278053509
Nacional,Ambos Sexos,Menor de 1,Muertes (Gral.),Todas las causas no excluídas,1,22650.408998282
Nacional,Ambos Sexos,85 años y +,Población ,Todas las causas no excluídas,1,920980
Nacional,Ambos Sexos,80 a 84,Población ,Todas las causas no excluídas,1,1053840
Nacional,Ambos Sexos,75 a 79,Población ,Todas las causas no excluídas,1,1666269
Nacional,Ambos Sexos,70 a 74,Población ,Todas las causas no excluídas,1,2416176
Nacional,Ambos Sexos,65 a 69,Población ,Todas las causas no excluídas,1,3355193
Nacional,Ambos Sexos,60 a 64,Población ,Todas las causas no excluídas,1,4523043
Nacional,Ambos Sexos,55 a 59,Población ,Todas las causas no excluídas,1,5675731
Nacional,Ambos Sexos,50 a 54,Población ,Todas las causas no excluídas,1,6721901
Nacional,Ambos Sexos,45 a 49,Población ,Todas las causas no excluídas,1,7734457
Nacional,Ambos Sexos,40 a 44,Población ,Todas las causas no excluídas,1,8295137
Nacional,Ambos Sexos,35 a 39,Población ,Todas las causas no excluídas,1,8862603
Nacional,Ambos Sexos,30 a 34,Población ,Todas las causas no excluídas,1,9753419
Nacional,Ambos Sexos,25 a 29,Población ,Todas las causas no excluídas,1,10579511
Nacional,Ambos Sexos,20 a 24,Población ,Todas las causas no excluídas,1,10860364
Nacional,Ambos Sexos,15 a 19,Población ,Todas las causas no excluídas,1,11060233
Nacional,Ambos Sexos,10 a 14,Población ,Todas las causas no excluídas,1,11143813
Nacional,Ambos Sexos,5 a 9,Población ,Todas las causas no excluídas,1,11063085
Nacional,Ambos Sexos,1 a 4,Población ,Todas las causas no excluídas,1,8739233
Nacional,Ambos Sexos,Menor de 1,Población ,Todas las causas no excluídas,1,2152703
