año,nivel_de_agregacion,sexo,grupo_de_edad,tipo_de_localidad_rural_o_urbano,region_geografica_de_Mexico,nivel_educativo,nivel_socioeconomico,presencia_de_discapacidad,porcentaje_de_personas_con_prueba_de_vih,intervalo_de_confianza_inferior,intervalo_de_confianza_superior,poblacion_representada_con_prueba_de_vih
2000,nacional ,-,-,-,-,-,-,-,,,,
2000,estratificado,hombre,-,-,-,-,-,-,,,,
2000,estratificado,mujer,-,-,-,-,-,-,,,,
2000,estratificado,-,20-29,-,-,-,-,-,,,,
2000,estratificado,-,30-39,-,-,-,-,-,,,,
2000,estratificado,-,40-49,-,-,-,-,-,,,,
2000,estratificado,-,-,rural,-,-,-,-,,,,
2000,estratificado,-,-,urbano,-,-,-,-,,,,
2000,estratificado,-,-,-,norte ,-,-,-,,,,
2000,estratificado,-,-,-,centro,-,-,-,,,,
2000,estratificado,-,-,-,cdmx,-,-,-,,,,
2000,estratificado,-,-,-,sur,-,-,-,,,,
2000,estratificado,-,-,-,-,primaria o menos,-,-,,,,
2000,estratificado,-,-,-,-,secundaria,-,-,,,,
2000,estratificado,-,-,-,-,media,-,-,,,,
2000,estratificado,-,-,-,-,superior,-,-,,,,
2000,estratificado,-,-,-,-,-,bajo,-,,,,
2000,estratificado,-,-,-,-,-,medio,-,,,,
2000,estratificado,-,-,-,-,-,alto,-,,,,
2000,estratificado,-,-,-,-,-,-,no,,,,
2000,estratificado,-,-,-,-,-,-,si,,,,
2000,estratificado,hombre,20-29,-,-,-,-,-,,,,
2000,estratificado,hombre,30-39,-,-,-,-,-,,,,
2000,estratificado,hombre,40-49,-,-,-,-,-,,,,
2000,estratificado,mujer,20-29,-,-,-,-,-,,,,
2000,estratificado,mujer,30-39,-,-,-,-,-,,,,
2000,estratificado,mujer,40-49,-,-,-,-,-,,,,
2000,estratificado,hombre,-,rural,-,-,-,-,,,,
2000,estratificado,hombre,-,urbano,-,-,-,-,,,,
2000,estratificado,mujer,-,rural,-,-,-,-,,,,
2000,estratificado,mujer,-,urbano,-,-,-,-,,,,
2000,estratificado,hombre,-,-,norte ,-,-,-,,,,
2000,estratificado,hombre,-,-,centro,-,-,-,,,,
2000,estratificado,hombre,-,-,cdmx,-,-,-,,,,
2000,estratificado,hombre,-,-,sur,-,-,-,,,,
2000,estratificado,mujer,-,-,norte ,-,-,-,,,,
2000,estratificado,mujer,-,-,centro,-,-,-,,,,
2000,estratificado,mujer,-,-,cdmx,-,-,-,,,,
2000,estratificado,mujer,-,-,sur,-,-,-,,,,
2000,estratificado,hombre,-,-,-,primaria o menos,-,-,,,,
2000,estratificado,hombre,-,-,-,secundaria,-,-,,,,
2000,estratificado,hombre,-,-,-,media,-,-,,,,
2000,estratificado,hombre,-,-,-,superior,-,-,,,,
2000,estratificado,mujer,-,-,-,primaria o menos,-,-,,,,
2000,estratificado,mujer,-,-,-,secundaria,-,-,,,,
2000,estratificado,mujer,-,-,-,media,-,-,,,,
2000,estratificado,mujer,-,-,-,superior,-,-,,,,
2000,estratificado,hombre,-,-,-,-,bajo,-,,,,
2000,estratificado,hombre,-,-,-,-,medio,-,,,,
2000,estratificado,hombre,-,-,-,-,alto,-,,,,
2000,estratificado,mujer,-,-,-,-,bajo,-,,,,
2000,estratificado,mujer,-,-,-,-,medio,-,,,,
2000,estratificado,mujer,-,-,-,-,alto,-,,,,
2000,estratificado,hombre,-,-,-,-,-,no,,,,
2000,estratificado,hombre,-,-,-,-,-,si,,,,
2000,estratificado,mujer,-,-,-,-,-,no,,,,
2000,estratificado,mujer,-,-,-,-,-,si,,,,
2006,nacional ,-,-,-,-,-,-,-,,,,
2006,estratificado,hombre,-,-,-,-,-,-,,,,
2006,estratificado,mujer,-,-,-,-,-,-,,,,
2006,estratificado,-,20-29,-,-,-,-,-,,,,
2006,estratificado,-,30-39,-,-,-,-,-,,,,
2006,estratificado,-,40-49,-,-,-,-,-,,,,
2006,estratificado,-,-,rural,-,-,-,-,,,,
2006,estratificado,-,-,urbano,-,-,-,-,,,,
2006,estratificado,-,-,-,norte ,-,-,-,,,,
2006,estratificado,-,-,-,centro,-,-,-,,,,
2006,estratificado,-,-,-,cdmx,-,-,-,,,,
2006,estratificado,-,-,-,sur,-,-,-,,,,
2006,estratificado,-,-,-,-,primaria o menos,-,-,,,,
2006,estratificado,-,-,-,-,secundaria,-,-,,,,
2006,estratificado,-,-,-,-,media,-,-,,,,
2006,estratificado,-,-,-,-,superior,-,-,,,,
2006,estratificado,-,-,-,-,-,bajo,-,,,,
2006,estratificado,-,-,-,-,-,medio,-,,,,
2006,estratificado,-,-,-,-,-,alto,-,,,,
2006,estratificado,-,-,-,-,-,-,no,,,,
2006,estratificado,-,-,-,-,-,-,si,,,,
2006,estratificado,hombre,20-29,-,-,-,-,-,,,,
2006,estratificado,hombre,30-39,-,-,-,-,-,,,,
2006,estratificado,hombre,40-49,-,-,-,-,-,,,,
2006,estratificado,mujer,20-29,-,-,-,-,-,,,,
2006,estratificado,mujer,30-39,-,-,-,-,-,,,,
2006,estratificado,mujer,40-49,-,-,-,-,-,,,,
2006,estratificado,hombre,-,rural,-,-,-,-,,,,
2006,estratificado,hombre,-,urbano,-,-,-,-,,,,
2006,estratificado,mujer,-,rural,-,-,-,-,,,,
2006,estratificado,mujer,-,urbano,-,-,-,-,,,,
2006,estratificado,hombre,-,-,norte ,-,-,-,,,,
2006,estratificado,hombre,-,-,centro,-,-,-,,,,
2006,estratificado,hombre,-,-,cdmx,-,-,-,,,,
2006,estratificado,hombre,-,-,sur,-,-,-,,,,
2006,estratificado,mujer,-,-,norte ,-,-,-,,,,
2006,estratificado,mujer,-,-,centro,-,-,-,,,,
2006,estratificado,mujer,-,-,cdmx,-,-,-,,,,
2006,estratificado,mujer,-,-,sur,-,-,-,,,,
2006,estratificado,hombre,-,-,-,primaria o menos,-,-,,,,
2006,estratificado,hombre,-,-,-,secundaria,-,-,,,,
2006,estratificado,hombre,-,-,-,media,-,-,,,,
2006,estratificado,hombre,-,-,-,superior,-,-,,,,
2006,estratificado,mujer,-,-,-,primaria o menos,-,-,,,,
2006,estratificado,mujer,-,-,-,secundaria,-,-,,,,
2006,estratificado,mujer,-,-,-,media,-,-,,,,
2006,estratificado,mujer,-,-,-,superior,-,-,,,,
2006,estratificado,hombre,-,-,-,-,bajo,-,,,,
2006,estratificado,hombre,-,-,-,-,medio,-,,,,
2006,estratificado,hombre,-,-,-,-,alto,-,,,,
2006,estratificado,mujer,-,-,-,-,bajo,-,,,,
2006,estratificado,mujer,-,-,-,-,medio,-,,,,
2006,estratificado,mujer,-,-,-,-,alto,-,,,,
2006,estratificado,hombre,-,-,-,-,-,no,,,,
2006,estratificado,hombre,-,-,-,-,-,si,,,,
2006,estratificado,mujer,-,-,-,-,-,no,,,,
2006,estratificado,mujer,-,-,-,-,-,si,,,,
2012,nacional ,-,-,-,-,-,-,-,22.4,21.5,23.3,10820000
2012,estratificado,hombre,-,-,-,-,-,-,20.9,19.7,22.1,4750000
2012,estratificado,mujer,-,-,-,-,-,-,23.8,22.7,24.9,6070000
2012,estratificado,-,20-29,-,-,-,-,-,22.1,20.8,23.5,4158000
2012,estratificado,-,30-39,-,-,-,-,-,25.6,24.3,27.0,4176000
2012,estratificado,-,40-49,-,-,-,-,-,18.8,17.6,20.2,2479000
2012,estratificado,-,-,rural,-,-,-,-,16.6,15.2,18.1,1694000
2012,estratificado,-,-,urbano,-,-,-,-,24.0,22.9,25.1,9126000
2012,estratificado,-,-,-,norte ,-,-,-,27.8,26.2,29.4,2764000
2012,estratificado,-,-,-,centro,-,-,-,20.5,18.9,22.1,3742000
2012,estratificado,-,-,-,cdmx,-,-,-,20.1,17.0,23.6,1055000
2012,estratificado,-,-,-,sur,-,-,-,22.0,20.5,23.6,3259000
2012,estratificado,-,-,-,-,primaria o menos,-,-,14.2,13.0,15.4,1851000
2012,estratificado,-,-,-,-,secundaria,-,-,21.3,20.1,22.6,3363000
2012,estratificado,-,-,-,-,media,-,-,26.5,24.8,28.2,3022000
2012,estratificado,-,-,-,-,superior,-,-,32.1,29.8,34.5,2585000
2012,estratificado,-,-,-,-,-,bajo,-,17.7,16.6,18.9,2765000
2012,estratificado,-,-,-,-,-,medio,-,23.0,21.6,24.4,3883000
2012,estratificado,-,-,-,-,-,alto,-,26.5,24.8,28.3,4172000
2012,estratificado,-,-,-,-,-,-,no,,,,
2012,estratificado,-,-,-,-,-,-,si,,,,
2012,estratificado,hombre,20-29,-,-,-,-,-,18.6,16.8,20.6,1709000
2012,estratificado,hombre,30-39,-,-,-,-,-,24.5,22.5,26.5,1792000
2012,estratificado,hombre,40-49,-,-,-,-,-,19.9,18.1,21.9,1246000
2012,estratificado,mujer,20-29,-,-,-,-,-,25.4,23.7,27.3,2449000
2012,estratificado,mujer,30-39,-,-,-,-,-,26.6,24.9,28.4,2384000
2012,estratificado,mujer,40-49,-,-,-,-,-,17.8,16.2,19.6,1233000
2012,estratificado,hombre,-,rural,-,-,-,-,14.2,12.5,16.2,691000
2012,estratificado,hombre,-,urbano,-,-,-,-,22.7,21.3,24.1,4059000
2012,estratificado,mujer,-,rural,-,-,-,-,18.8,17.0,20.8,1003000
2012,estratificado,mujer,-,urbano,-,-,-,-,25.1,23.8,26.5,5067000
2012,estratificado,hombre,-,-,norte ,-,-,-,23.4,21.4,25.5,1149000
2012,estratificado,hombre,-,-,centro,-,-,-,19.3,17.3,21.4,1672000
2012,estratificado,hombre,-,-,cdmx,-,-,-,17.9,14.1,22.5,433000
2012,estratificado,hombre,-,-,sur,-,-,-,22.1,20.1,24.3,1497000
2012,estratificado,mujer,-,-,norte ,-,-,-,32.1,29.9,34.4,1615000
2012,estratificado,mujer,-,-,centro,-,-,-,21.5,19.6,23.6,2070000
2012,estratificado,mujer,-,-,cdmx,-,-,-,22.0,17.9,26.7,622000
2012,estratificado,mujer,-,-,sur,-,-,-,21.9,20.2,23.7,1763000
2012,estratificado,hombre,-,-,-,primaria o menos,-,-,10.6,9.2,12.2,621000
2012,estratificado,hombre,-,-,-,secundaria,-,-,19.8,18.1,21.6,1499000
2012,estratificado,hombre,-,-,-,media,-,-,23.3,20.9,25.8,1221000
2012,estratificado,hombre,-,-,-,superior,-,-,34.4,31.1,37.8,1408000
2012,estratificado,mujer,-,-,-,primaria o menos,-,-,17.1,15.5,18.8,1229000
2012,estratificado,mujer,-,-,-,secundaria,-,-,22.7,21.0,24.5,1864000
2012,estratificado,mujer,-,-,-,media,-,-,29.2,27.0,31.5,1800000
2012,estratificado,mujer,-,-,-,superior,-,-,29.8,26.9,32.8,1176000
2012,estratificado,hombre,-,-,-,-,bajo,-,15.0,13.5,16.7,1086000
2012,estratificado,hombre,-,-,-,-,medio,-,20.7,19.0,22.6,1693000
2012,estratificado,hombre,-,-,-,-,alto,-,26.7,24.3,29.4,1970000
2012,estratificado,mujer,-,-,-,-,bajo,-,20.0,18.5,21.5,1679000
2012,estratificado,mujer,-,-,-,-,medio,-,25.1,23.2,27.0,2189000
2012,estratificado,mujer,-,-,-,-,alto,-,26.3,24.3,28.4,2202000
2012,estratificado,hombre,-,-,-,-,-,no,,,,
2012,estratificado,hombre,-,-,-,-,-,si,,,,
2012,estratificado,mujer,-,-,-,-,-,no,,,,
2012,estratificado,mujer,-,-,-,-,-,si,,,,
2016,nacional ,-,-,-,-,-,-,-,,,,
2016,estratificado,hombre,-,-,-,-,-,-,,,,
2016,estratificado,mujer,-,-,-,-,-,-,,,,
2016,estratificado,-,20-29,-,-,-,-,-,,,,
2016,estratificado,-,30-39,-,-,-,-,-,,,,
2016,estratificado,-,40-49,-,-,-,-,-,,,,
2016,estratificado,-,-,rural,-,-,-,-,,,,
2016,estratificado,-,-,urbano,-,-,-,-,,,,
2016,estratificado,-,-,-,norte ,-,-,-,,,,
2016,estratificado,-,-,-,centro,-,-,-,,,,
2016,estratificado,-,-,-,cdmx,-,-,-,,,,
2016,estratificado,-,-,-,sur,-,-,-,,,,
2016,estratificado,-,-,-,-,primaria o menos,-,-,,,,
2016,estratificado,-,-,-,-,secundaria,-,-,,,,
2016,estratificado,-,-,-,-,media,-,-,,,,
2016,estratificado,-,-,-,-,superior,-,-,,,,
2016,estratificado,-,-,-,-,-,bajo,-,,,,
2016,estratificado,-,-,-,-,-,medio,-,,,,
2016,estratificado,-,-,-,-,-,alto,-,,,,
2016,estratificado,-,-,-,-,-,-,no,,,,
2016,estratificado,-,-,-,-,-,-,si,,,,
2016,estratificado,hombre,20-29,-,-,-,-,-,,,,
2016,estratificado,hombre,30-39,-,-,-,-,-,,,,
2016,estratificado,hombre,40-49,-,-,-,-,-,,,,
2016,estratificado,mujer,20-29,-,-,-,-,-,,,,
2016,estratificado,mujer,30-39,-,-,-,-,-,,,,
2016,estratificado,mujer,40-49,-,-,-,-,-,,,,
2016,estratificado,hombre,-,rural,-,-,-,-,,,,
2016,estratificado,hombre,-,urbano,-,-,-,-,,,,
2016,estratificado,mujer,-,rural,-,-,-,-,,,,
2016,estratificado,mujer,-,urbano,-,-,-,-,,,,
2016,estratificado,hombre,-,-,norte ,-,-,-,,,,
2016,estratificado,hombre,-,-,centro,-,-,-,,,,
2016,estratificado,hombre,-,-,cdmx,-,-,-,,,,
2016,estratificado,hombre,-,-,sur,-,-,-,,,,
2016,estratificado,mujer,-,-,norte ,-,-,-,,,,
2016,estratificado,mujer,-,-,centro,-,-,-,,,,
2016,estratificado,mujer,-,-,cdmx,-,-,-,,,,
2016,estratificado,mujer,-,-,sur,-,-,-,,,,
2016,estratificado,hombre,-,-,-,primaria o menos,-,-,,,,
2016,estratificado,hombre,-,-,-,secundaria,-,-,,,,
2016,estratificado,hombre,-,-,-,media,-,-,,,,
2016,estratificado,hombre,-,-,-,superior,-,-,,,,
2016,estratificado,mujer,-,-,-,primaria o menos,-,-,,,,
2016,estratificado,mujer,-,-,-,secundaria,-,-,,,,
2016,estratificado,mujer,-,-,-,media,-,-,,,,
2016,estratificado,mujer,-,-,-,superior,-,-,,,,
2016,estratificado,hombre,-,-,-,-,bajo,-,,,,
2016,estratificado,hombre,-,-,-,-,medio,-,,,,
2016,estratificado,hombre,-,-,-,-,alto,-,,,,
2016,estratificado,mujer,-,-,-,-,bajo,-,,,,
2016,estratificado,mujer,-,-,-,-,medio,-,,,,
2016,estratificado,mujer,-,-,-,-,alto,-,,,,
2016,estratificado,hombre,-,-,-,-,-,no,,,,
2016,estratificado,hombre,-,-,-,-,-,si,,,,
2016,estratificado,mujer,-,-,-,-,-,no,,,,
2016,estratificado,mujer,-,-,-,-,-,si,,,,
2018,nacional ,-,-,-,-,-,-,-,33.1,32.2,34.0,17531000
2018,estratificado,hombre,-,-,-,-,-,-,27.3,26.1,28.5,6658000
2018,estratificado,mujer,-,-,-,-,-,-,38.0,36.8,39.2,10873000
2018,estratificado,-,20-29,-,-,-,-,-,32.7,31.1,34.2,6350000
2018,estratificado,-,30-39,-,-,-,-,-,36.7,35.3,38.2,6342000
2018,estratificado,-,40-49,-,-,-,-,-,29.6,28.2,31.1,4840000
2018,estratificado,-,-,rural,-,-,-,-,27.2,25.5,29.0,3099000
2018,estratificado,-,-,urbano,-,-,-,-,34.7,33.6,35.7,14432000
2018,estratificado,-,-,-,norte ,-,-,-,33.5,32.0,35.0,3588000
2018,estratificado,-,-,-,centro,-,-,-,33.6,32.0,35.3,6463000
2018,estratificado,-,-,-,cdmx,-,-,-,31.4,28.2,34.8,2128000
2018,estratificado,-,-,-,sur,-,-,-,32.8,31.4,34.2,5352000
2018,estratificado,-,-,-,-,primaria o menos,-,-,20.6,19.1,22.2,2006000
2018,estratificado,-,-,-,-,secundaria,-,-,31.7,30.3,33.2,5352000
2018,estratificado,-,-,-,-,media,-,-,35.7,34.0,37.3,4962000
2018,estratificado,-,-,-,-,superior,-,-,41.7,39.7,43.7,5211000
2018,estratificado,-,-,-,-,-,bajo,-,27.0,25.7,28.4,4230000
2018,estratificado,-,-,-,-,-,medio,-,34.6,33.0,36.1,6061000
2018,estratificado,-,-,-,-,-,alto,-,36.5,35.0,38.1,7240000
2018,estratificado,-,-,-,-,-,-,no,33.1,32.2,34.1,16983000
2018,estratificado,-,-,-,-,-,-,si,30.6,26.1,35.6,548000
2018,estratificado,hombre,20-29,-,-,-,-,-,23.0,21.0,25.0,2122000
2018,estratificado,hombre,30-39,-,-,-,-,-,30.7,28.7,32.9,2414000
2018,estratificado,hombre,40-49,-,-,-,-,-,29.0,26.9,31.1,2122000
2018,estratificado,mujer,20-29,-,-,-,-,-,41.5,39.3,43.6,4228000
2018,estratificado,mujer,30-39,-,-,-,-,-,41.7,39.8,43.7,3927000
2018,estratificado,mujer,40-49,-,-,-,-,-,30.2,28.2,32.2,2717000
2018,estratificado,hombre,-,rural,-,-,-,-,19.1,17.2,21.2,1025000
2018,estratificado,hombre,-,urbano,-,-,-,-,29.6,28.2,31.0,5633000
2018,estratificado,mujer,-,rural,-,-,-,-,34.3,31.9,36.9,2074000
2018,estratificado,mujer,-,urbano,-,-,-,-,39.0,37.6,40.4,8799000
2018,estratificado,hombre,-,-,norte ,-,-,-,27.2,25.3,29.3,1369000
2018,estratificado,hombre,-,-,centro,-,-,-,26.2,24.0,28.4,2340000
2018,estratificado,hombre,-,-,cdmx,-,-,-,28.6,24.3,33.2,897000
2018,estratificado,hombre,-,-,sur,-,-,-,28.1,26.3,30.1,2052000
2018,estratificado,mujer,-,-,norte ,-,-,-,39.1,37.0,41.2,2220000
2018,estratificado,mujer,-,-,centro,-,-,-,40.2,37.9,42.5,4123000
2018,estratificado,mujer,-,-,cdmx,-,-,-,33.8,29.5,38.5,1231000
2018,estratificado,mujer,-,-,sur,-,-,-,36.5,34.7,38.4,3299000
2018,estratificado,hombre,-,-,-,primaria o menos,-,-,13.9,12.0,16.0,613000
2018,estratificado,hombre,-,-,-,secundaria,-,-,24.2,22.2,26.3,1864000
2018,estratificado,hombre,-,-,-,media,-,-,28.1,25.8,30.4,1798000
2018,estratificado,hombre,-,-,-,superior,-,-,40.6,37.9,43.4,2382000
2018,estratificado,mujer,-,-,-,primaria o menos,-,-,26.2,23.9,28.7,1392000
2018,estratificado,mujer,-,-,-,secundaria,-,-,38.1,36.1,40.1,3488000
2018,estratificado,mujer,-,-,-,media,-,-,42.1,39.8,44.5,3164000
2018,estratificado,mujer,-,-,-,superior,-,-,42.6,39.9,45.4,2829000
2018,estratificado,hombre,-,-,-,-,bajo,-,19.7,18.0,21.5,1405000
2018,estratificado,hombre,-,-,-,-,medio,-,26.7,24.6,28.8,2151000
2018,estratificado,hombre,-,-,-,-,alto,-,33.7,31.6,35.9,3103000
2018,estratificado,mujer,-,-,-,-,bajo,-,33.1,31.2,35.1,2825000
2018,estratificado,mujer,-,-,-,-,medio,-,41.3,39.3,43.4,3911000
2018,estratificado,mujer,-,-,-,-,alto,-,38.9,36.8,41.1,4137000
2018,estratificado,hombre,-,-,-,-,-,no,27.3,26.1,28.5,6454000
2018,estratificado,hombre,-,-,-,-,-,si,27.1,21.2,34.0,205000
2018,estratificado,mujer,-,-,-,-,-,no,38.2,36.9,39.4,10529000
2018,estratificado,mujer,-,-,-,-,-,si,33.2,27.0,40.0,343000
2020,nacional ,-,-,-,-,-,-,-,,,,
2020,estratificado,hombre,-,-,-,-,-,-,,,,
2020,estratificado,mujer,-,-,-,-,-,-,,,,
2020,estratificado,-,20-29,-,-,-,-,-,,,,
2020,estratificado,-,30-39,-,-,-,-,-,,,,
2020,estratificado,-,40-49,-,-,-,-,-,,,,
2020,estratificado,-,-,rural,-,-,-,-,,,,
2020,estratificado,-,-,urbano,-,-,-,-,,,,
2020,estratificado,-,-,-,norte ,-,-,-,,,,
2020,estratificado,-,-,-,centro,-,-,-,,,,
2020,estratificado,-,-,-,cdmx,-,-,-,,,,
2020,estratificado,-,-,-,sur,-,-,-,,,,
2020,estratificado,-,-,-,-,primaria o menos,-,-,,,,
2020,estratificado,-,-,-,-,secundaria,-,-,,,,
2020,estratificado,-,-,-,-,media,-,-,,,,
2020,estratificado,-,-,-,-,superior,-,-,,,,
2020,estratificado,-,-,-,-,-,bajo,-,,,,
2020,estratificado,-,-,-,-,-,medio,-,,,,
2020,estratificado,-,-,-,-,-,alto,-,,,,
2020,estratificado,-,-,-,-,-,-,no,,,,
2020,estratificado,-,-,-,-,-,-,si,,,,
2020,estratificado,hombre,20-29,-,-,-,-,-,,,,
2020,estratificado,hombre,30-39,-,-,-,-,-,,,,
2020,estratificado,hombre,40-49,-,-,-,-,-,,,,
2020,estratificado,mujer,20-29,-,-,-,-,-,,,,
2020,estratificado,mujer,30-39,-,-,-,-,-,,,,
2020,estratificado,mujer,40-49,-,-,-,-,-,,,,
2020,estratificado,hombre,-,rural,-,-,-,-,,,,
2020,estratificado,hombre,-,urbano,-,-,-,-,,,,
2020,estratificado,mujer,-,rural,-,-,-,-,,,,
2020,estratificado,mujer,-,urbano,-,-,-,-,,,,
2020,estratificado,hombre,-,-,norte ,-,-,-,,,,
2020,estratificado,hombre,-,-,centro,-,-,-,,,,
2020,estratificado,hombre,-,-,cdmx,-,-,-,,,,
2020,estratificado,hombre,-,-,sur,-,-,-,,,,
2020,estratificado,mujer,-,-,norte ,-,-,-,,,,
2020,estratificado,mujer,-,-,centro,-,-,-,,,,
2020,estratificado,mujer,-,-,cdmx,-,-,-,,,,
2020,estratificado,mujer,-,-,sur,-,-,-,,,,
2020,estratificado,hombre,-,-,-,primaria o menos,-,-,,,,
2020,estratificado,hombre,-,-,-,secundaria,-,-,,,,
2020,estratificado,hombre,-,-,-,media,-,-,,,,
2020,estratificado,hombre,-,-,-,superior,-,-,,,,
2020,estratificado,mujer,-,-,-,primaria o menos,-,-,,,,
2020,estratificado,mujer,-,-,-,secundaria,-,-,,,,
2020,estratificado,mujer,-,-,-,media,-,-,,,,
2020,estratificado,mujer,-,-,-,superior,-,-,,,,
2020,estratificado,hombre,-,-,-,-,bajo,-,,,,
2020,estratificado,hombre,-,-,-,-,medio,-,,,,
2020,estratificado,hombre,-,-,-,-,alto,-,,,,
2020,estratificado,mujer,-,-,-,-,bajo,-,,,,
2020,estratificado,mujer,-,-,-,-,medio,-,,,,
2020,estratificado,mujer,-,-,-,-,alto,-,,,,
2020,estratificado,hombre,-,-,-,-,-,no,,,,
2020,estratificado,hombre,-,-,-,-,-,si,,,,
2020,estratificado,mujer,-,-,-,-,-,no,,,,
2020,estratificado,mujer,-,-,-,-,-,si,,,,
2021,nacional ,-,-,-,-,-,-,-,29.4,27.9,30.9,16311000
2021,estratificado,hombre,-,-,-,-,-,-,23.0,21.0,25.0,6149000
2021,estratificado,mujer,-,-,-,-,-,-,35.4,33.4,37.4,10161000
2021,estratificado,-,20-29,-,-,-,-,-,27.8,25.5,30.2,5458000
2021,estratificado,-,30-39,-,-,-,-,-,34.4,32.0,36.9,6588000
2021,estratificado,-,40-49,-,-,-,-,-,25.6,23.2,28.2,4248000
2021,estratificado,-,-,rural,-,-,-,-,25.0,22.2,28.1,2694000
2021,estratificado,-,-,urbano,-,-,-,-,30.5,28.7,32.2,13617000
2021,estratificado,-,-,-,norte ,-,-,-,31.1,27.3,35.1,3533000
2021,estratificado,-,-,-,centro,-,-,-,27.3,25.2,29.5,6020000
2021,estratificado,-,-,-,cdmx,-,-,-,29.0,25.6,32.7,1503000
2021,estratificado,-,-,-,sur,-,-,-,31.1,28.2,34.3,5254000
2021,estratificado,-,-,-,-,primaria o menos,-,-,18.3,15.8,21.2,1568000
2021,estratificado,-,-,-,-,secundaria,-,-,27.7,25.3,30.2,4744000
2021,estratificado,-,-,-,-,media,-,-,32.7,30.0,35.5,5030000
2021,estratificado,-,-,-,-,superior,-,-,34.4,31.4,37.6,4969000
2021,estratificado,-,-,-,-,-,bajo,-,26.4,24.1,28.9,4375000
2021,estratificado,-,-,-,-,-,medio,-,31.0,28.7,33.5,5557000
2021,estratificado,-,-,-,-,-,alto,-,30.4,27.8,33.1,6379000
2021,estratificado,-,-,-,-,-,-,no,29.0,27.5,30.6,15484000
2021,estratificado,-,-,-,-,-,-,si,39.2,32.0,46.9,827000
2021,estratificado,hombre,20-29,-,-,-,-,-,18.7,16.0,21.7,1809000
2021,estratificado,hombre,30-39,-,-,-,-,-,28.9,25.3,32.9,2601000
2021,estratificado,hombre,40-49,-,-,-,-,-,21.6,18.3,25.2,1740000
2021,estratificado,mujer,20-29,-,-,-,-,-,36.6,33.2,40.2,3649000
2021,estratificado,mujer,30-39,-,-,-,-,-,39.2,36.2,42.4,3987000
2021,estratificado,mujer,40-49,-,-,-,-,-,29.5,26.5,32.7,2508000
2021,estratificado,hombre,-,rural,-,-,-,-,16.8,13.0,21.4,877000
2021,estratificado,hombre,-,urbano,-,-,-,-,24.5,22.3,26.8,5272000
2021,estratificado,mujer,-,rural,-,-,-,-,32.8,28.7,37.2,1817000
2021,estratificado,mujer,-,urbano,-,-,-,-,36.0,33.8,38.3,8344000
2021,estratificado,hombre,-,-,norte ,-,-,-,23.1,18.8,28.0,1275000
2021,estratificado,hombre,-,-,centro,-,-,-,21.2,18.1,24.6,2288000
2021,estratificado,hombre,-,-,cdmx,-,-,-,24.2,19.6,29.5,591000
2021,estratificado,hombre,-,-,sur,-,-,-,25.0,21.5,28.9,1995000
2021,estratificado,mujer,-,-,norte ,-,-,-,38.7,33.4,44.2,2259000
2021,estratificado,mujer,-,-,centro,-,-,-,33.2,30.4,36.1,3732000
2021,estratificado,mujer,-,-,cdmx,-,-,-,33.2,29.3,37.4,911000
2021,estratificado,mujer,-,-,sur,-,-,-,36.7,33.0,40.5,3259000
2021,estratificado,hombre,-,-,-,primaria o menos,-,-,11.8,8.3,16.6,485000
2021,estratificado,hombre,-,-,-,secundaria,-,-,19.2,16.0,22.8,1502000
2021,estratificado,hombre,-,-,-,media,-,-,24.7,21.0,28.8,1841000
2021,estratificado,hombre,-,-,-,superior,-,-,31.5,27.5,35.8,2322000
2021,estratificado,mujer,-,-,-,primaria o menos,-,-,24.3,20.8,28.2,1083000
2021,estratificado,mujer,-,-,-,secundaria,-,-,34.9,31.6,38.4,3242000
2021,estratificado,mujer,-,-,-,media,-,-,40.3,36.8,43.8,3190000
2021,estratificado,mujer,-,-,-,superior,-,-,37.5,33.4,41.8,2647000
2021,estratificado,hombre,-,-,-,-,bajo,-,18.5,15.1,22.5,1471000
2021,estratificado,hombre,-,-,-,-,medio,-,24.7,21.6,28.1,2118000
2021,estratificado,hombre,-,-,-,-,alto,-,24.9,21.8,28.4,2561000
2021,estratificado,mujer,-,-,-,-,bajo,-,33.6,30.6,36.8,2904000
2021,estratificado,mujer,-,-,-,-,medio,-,36.8,33.7,40.0,3439000
2021,estratificado,mujer,-,-,-,-,alto,-,35.6,32.1,39.3,3818000
2021,estratificado,hombre,-,-,-,-,-,no,22.7,20.7,24.8,5909000
2021,estratificado,hombre,-,-,-,-,-,si,33.4,20.5,49.3,241000
2021,estratificado,mujer,-,-,-,-,-,no,35.0,33.1,37.1,9575000
2021,estratificado,mujer,-,-,-,-,-,si,42.2,34.2,50.6,586000
2022,nacional ,-,-,-,-,-,-,-,15.6,14.6,16.8,8556000
2022,estratificado,hombre,-,-,-,-,-,-,13.7,12.1,15.6,3618000
2022,estratificado,mujer,-,-,-,-,-,-,17.4,16.0,18.9,4938000
2022,estratificado,-,20-29,-,-,-,-,-,17.1,15.3,19.1,3302000
2022,estratificado,-,30-39,-,-,-,-,-,17.8,15.6,20.4,3375000
2022,estratificado,-,40-49,-,-,-,-,-,11.4,9.7,13.3,1871000
2022,estratificado,-,-,rural,-,-,-,-,10.7,8.5,13.3,1159000
2022,estratificado,-,-,urbano,-,-,-,-,16.9,15.7,18.1,7397000
2022,estratificado,-,-,-,norte ,-,-,-,15.5,13.6,17.6,1777000
2022,estratificado,-,-,-,centro,-,-,-,16.4,14.8,18.2,3364000
2022,estratificado,-,-,-,cdmx,-,-,-,16.9,13.2,21.5,1004000
2022,estratificado,-,-,-,sur,-,-,-,14.3,12.3,16.6,2412000
2022,estratificado,-,-,-,-,primaria o menos,-,-,7.9,5.6,11.0,665000
2022,estratificado,-,-,-,-,secundaria,-,-,14.3,12.5,16.2,2295000
2022,estratificado,-,-,-,-,media,-,-,19.4,16.9,22.1,3043000
2022,estratificado,-,-,-,-,superior,-,-,17.6,15.3,20.1,2553000
2022,estratificado,-,-,-,-,-,bajo,-,13.9,11.4,16.8,2290000
2022,estratificado,-,-,-,-,-,medio,-,15.1,13.2,17.2,2703000
2022,estratificado,-,-,-,-,-,alto,-,17.6,15.6,19.8,3564000
2022,estratificado,-,-,-,-,-,-,no,15.8,14.6,17.0,8144000
2022,estratificado,-,-,-,-,-,-,si,13.6,9.5,19.0,412000
2022,estratificado,hombre,20-29,-,-,-,-,-,12.7,10.1,15.9,1218000
2022,estratificado,hombre,30-39,-,-,-,-,-,16.5,12.9,21.0,1471000
2022,estratificado,hombre,40-49,-,-,-,-,-,11.8,9.0,15.3,925000
2022,estratificado,mujer,20-29,-,-,-,-,-,21.4,18.7,24.4,2084000
2022,estratificado,mujer,30-39,-,-,-,-,-,19.0,16.1,22.3,1904000
2022,estratificado,mujer,40-49,-,-,-,-,-,11.0,8.9,13.6,946000
2022,estratificado,hombre,-,rural,-,-,-,-,8.3,5.6,12.0,436000
2022,estratificado,hombre,-,urbano,-,-,-,-,15.1,13.2,17.3,3182000
2022,estratificado,mujer,-,rural,-,-,-,-,12.9,10.1,16.3,723000
2022,estratificado,mujer,-,urbano,-,-,-,-,18.5,16.9,20.3,4216000
2022,estratificado,hombre,-,-,norte ,-,-,-,13.7,11.3,16.4,802000
2022,estratificado,hombre,-,-,centro,-,-,-,13.3,10.7,16.4,1272000
2022,estratificado,hombre,-,-,cdmx,-,-,-,18.0,12.3,25.5,516000
2022,estratificado,hombre,-,-,sur,-,-,-,12.8,9.4,17.1,1028000
2022,estratificado,mujer,-,-,norte ,-,-,-,17.4,14.9,20.3,975000
2022,estratificado,mujer,-,-,centro,-,-,-,19.2,16.7,21.9,2092000
2022,estratificado,mujer,-,-,cdmx,-,-,-,16.0,11.2,22.3,488000
2022,estratificado,mujer,-,-,sur,-,-,-,15.7,13.6,18.1,1384000
2022,estratificado,hombre,-,-,-,primaria o menos,-,-,,,,
2022,estratificado,hombre,-,-,-,secundaria,-,-,11.5,9.3,14.2,851000
2022,estratificado,hombre,-,-,-,media,-,-,17.2,13.5,21.8,1257000
2022,estratificado,hombre,-,-,-,superior,-,-,16.4,13.2,20.3,1248000
2022,estratificado,mujer,-,-,-,primaria o menos,-,-,9.2,6.8,12.5,404000
2022,estratificado,mujer,-,-,-,secundaria,-,-,16.6,14.1,19.5,1444000
2022,estratificado,mujer,-,-,-,media,-,-,21.3,17.9,25.2,1786000
2022,estratificado,mujer,-,-,-,superior,-,-,18.9,16.0,22.1,1305000
2022,estratificado,hombre,-,-,-,-,bajo,-,10.9,7.8,15.1,853000
2022,estratificado,hombre,-,-,-,-,medio,-,12.4,9.9,15.5,1102000
2022,estratificado,hombre,-,-,-,-,alto,-,17.2,14.1,20.8,1663000
2022,estratificado,mujer,-,-,-,-,bajo,-,16.5,13.6,19.8,1437000
2022,estratificado,mujer,-,-,-,-,medio,-,17.7,15.4,20.4,1601000
2022,estratificado,mujer,-,-,-,-,alto,-,17.9,15.3,20.9,1901000
2022,estratificado,hombre,-,-,-,-,-,no,13.7,12.0,15.6,3440000
2022,estratificado,hombre,-,-,-,-,-,si,14.6,8.5,23.9,179000
2022,estratificado,mujer,-,-,-,-,-,no,17.7,16.2,19.3,4705000
2022,estratificado,mujer,-,-,-,-,-,si,12.9,8.0,20.4,234000
2023,nacional ,-,-,-,-,-,-,-,19.1,16.9,21.5,10585000
2023,estratificado,hombre,-,-,-,-,-,-,17.8,14.3,21.9,4687000
2023,estratificado,mujer,-,-,-,-,-,-,20.3,17.6,23.4,5898000
2023,estratificado,-,20-29,-,-,-,-,-,17.1,14.0,20.8,3517000
2023,estratificado,-,30-39,-,-,-,-,-,19.2,15.4,23.8,3567000
2023,estratificado,-,40-49,-,-,-,-,-,21.6,16.5,27.6,3499000
2023,estratificado,-,-,rural,-,-,-,-,15.2,10.7,21.1,1624000
2023,estratificado,-,-,urbano,-,-,-,-,20.1,17.7,22.7,8961000
2023,estratificado,-,-,-,norte ,-,-,-,19.0,14.0,25.4,1938000
2023,estratificado,-,-,-,centro,-,-,-,18.4,15.1,22.1,4723000
2023,estratificado,-,-,-,cdmx,-,-,-,26.3,16.6,39.0,1117000
2023,estratificado,-,-,-,sur,-,-,-,18.4,14.9,22.6,2807000
2023,estratificado,-,-,-,-,primaria o menos,-,-,,,,
2023,estratificado,-,-,-,-,secundaria,-,-,17.0,13.2,21.5,2816000
2023,estratificado,-,-,-,-,media,-,-,22.0,18.0,26.6,3720000
2023,estratificado,-,-,-,-,superior,-,-,21.7,18.0,25.9,3184000
2023,estratificado,-,-,-,-,-,bajo,-,18.0,14.3,22.5,3143000
2023,estratificado,-,-,-,-,-,medio,-,18.3,15.0,22.2,3005000
2023,estratificado,-,-,-,-,-,alto,-,20.6,17.1,24.5,4436000
2023,estratificado,-,-,-,-,-,-,no,,,,
2023,estratificado,-,-,-,-,-,-,si,,,,
2023,estratificado,hombre,20-29,-,-,-,-,-,,,,
2023,estratificado,hombre,30-39,-,-,-,-,-,,,,
2023,estratificado,hombre,40-49,-,-,-,-,-,,,,
2023,estratificado,mujer,20-29,-,-,-,-,-,,,,
2023,estratificado,mujer,30-39,-,-,-,-,-,,,,
2023,estratificado,mujer,40-49,-,-,-,-,-,,,,
2023,estratificado,hombre,-,rural,-,-,-,-,,,,
2023,estratificado,hombre,-,urbano,-,-,-,-,,,,
2023,estratificado,mujer,-,rural,-,-,-,-,,,,
2023,estratificado,mujer,-,urbano,-,-,-,-,,,,
2023,estratificado,hombre,-,-,norte ,-,-,-,,,,
2023,estratificado,hombre,-,-,centro,-,-,-,,,,
2023,estratificado,hombre,-,-,cdmx,-,-,-,,,,
2023,estratificado,hombre,-,-,sur,-,-,-,,,,
2023,estratificado,mujer,-,-,norte ,-,-,-,,,,
2023,estratificado,mujer,-,-,centro,-,-,-,,,,
2023,estratificado,mujer,-,-,cdmx,-,-,-,,,,
2023,estratificado,mujer,-,-,sur,-,-,-,,,,
2023,estratificado,hombre,-,-,-,primaria o menos,-,-,,,,
2023,estratificado,hombre,-,-,-,secundaria,-,-,,,,
2023,estratificado,hombre,-,-,-,media,-,-,,,,
2023,estratificado,hombre,-,-,-,superior,-,-,,,,
2023,estratificado,mujer,-,-,-,primaria o menos,-,-,,,,
2023,estratificado,mujer,-,-,-,secundaria,-,-,,,,
2023,estratificado,mujer,-,-,-,media,-,-,,,,
2023,estratificado,mujer,-,-,-,superior,-,-,,,,
2023,estratificado,hombre,-,-,-,-,bajo,-,,,,
2023,estratificado,hombre,-,-,-,-,medio,-,,,,
2023,estratificado,hombre,-,-,-,-,alto,-,,,,
2023,estratificado,mujer,-,-,-,-,bajo,-,,,,
2023,estratificado,mujer,-,-,-,-,medio,-,,,,
2023,estratificado,mujer,-,-,-,-,alto,-,,,,
2023,estratificado,hombre,-,-,-,-,-,no,,,,
2023,estratificado,hombre,-,-,-,-,-,si,,,,
2023,estratificado,mujer,-,-,-,-,-,no,,,,
2023,estratificado,mujer,-,-,-,-,-,si,,,,