año,nivel_de_agregacion,sexo,grupo_de_edad,tipo_de_localidad_rural_o_urbano,region_geografica_de_Mexico,nivel_educativo,nivel_socioeconomico,presencia_de_discapacidad,porcentaje_de_personas_con_obesidad,intervalo_de_confianza_inferior,intervalo_de_confianza_superior,poblacion_representada_con_obesidad
2000,nacional ,-,-,-,-,-,-,-,23.5,22.7,24.4," 11,348,000 "
2000,estratificado,hombre,-,-,-,-,-,-,18.5,17.4,19.7," 4,214,000 "
2000,estratificado,mujer,-,-,-,-,-,-,28.0,27.0,29.0," 7,133,000 "
2000,estratificado,-,20-39,-,-,-,-,-,19.0,18.3,19.8," 5,567,000 "
2000,estratificado,-,40-59,-,-,-,-,-,32.6,31.1,34.1," 4,301,000 "
2000,estratificado,-,60+,-,-,-,-,-,25.6,24.0,27.3," 1,480,000 "
2000,estratificado,-,-,rural,-,-,-,-,20.2,18.9,21.6," 3,657,000 "
2000,estratificado,-,-,urbano,-,-,-,-,25.5,24.6,26.5," 7,691,000 "
2000,estratificado,-,-,-,norte ,-,-,-,28.4,27.2,29.7," 2,723,000 "
2000,estratificado,-,-,-,centro,-,-,-,23.9,22.5,25.3," 4,274,000 "
2000,estratificado,-,-,-,cdmx,-,-,-,22.9,20.4,25.6," 1,409,000 "
2000,estratificado,-,-,-,sur,-,-,-,20.2,18.7,21.8," 2,942,000 "
2000,estratificado,-,-,-,-,primaria o menos,-,-,26.5,25.3,27.8," 5,670,000 "
2000,estratificado,-,-,-,-,secundaria,-,-,20.6,19.3,22.0," 2,121,000 "
2000,estratificado,-,-,-,-,media,-,-,21.5,19.8,23.4," 1,896,000 "
2000,estratificado,-,-,-,-,superior,-,-,19.6,17.5,21.9," 867,000 "
2000,estratificado,-,-,-,-,-,bajo,-,17.7,16.5,19.0," 2,558,000 "
2000,estratificado,-,-,-,-,-,medio,-,25.6,24.5,26.8," 4,033,000 "
2000,estratificado,-,-,-,-,-,alto,-,26.4,25.2,27.7," 4,757,000 "
2000,estratificado,-,-,-,-,-,-,no,,,,
2000,estratificado,-,-,-,-,-,-,si,,,,
2000,estratificado,hombre,20-39,-,-,-,-,-,15.6,14.2,17.0," 2,130,000 "
2000,estratificado,hombre,40-59,-,-,-,-,-,24.5,22.5,26.5," 1,546,000 "
2000,estratificado,hombre,60+,-,-,-,-,-,19.7,17.5,22.2," 538,000 "
2000,estratificado,mujer,20-39,-,-,-,-,-,22.1,21.1,23.1," 3,437,000 "
2000,estratificado,mujer,40-59,-,-,-,-,-,40.1,38.4,41.9," 2,754,000 "
2000,estratificado,mujer,60+,-,-,-,-,-,30.9,28.9,33.0," 942,000 "
2000,estratificado,hombre,-,rural,-,-,-,-,14.6,13.2,16.2," 1,250,000 "
2000,estratificado,hombre,-,urbano,-,-,-,-,20.9,19.5,22.4," 2,964,000 "
2000,estratificado,mujer,-,rural,-,-,-,-,25.2,23.5,27.0," 2,407,000 "
2000,estratificado,mujer,-,urbano,-,-,-,-,29.7,28.6,30.8," 4,726,000 "
2000,estratificado,hombre,-,-,norte ,-,-,-,23.1,21.2,25.2," 1,063,000 "
2000,estratificado,hombre,-,-,centro,-,-,-,18.6,17.0,20.4," 1,596,000 "
2000,estratificado,hombre,-,-,cdmx,-,-,-,18.9,14.2,24.6," 510,000 "
2000,estratificado,hombre,-,-,sur,-,-,-,15.2,13.4,17.3," 1,045,000 "
2000,estratificado,mujer,-,-,norte ,-,-,-,33.3,31.9,34.7," 1,660,000 "
2000,estratificado,mujer,-,-,centro,-,-,-,28.7,26.8,30.6," 2,678,000 "
2000,estratificado,mujer,-,-,cdmx,-,-,-,26.0,23.7,28.3," 899,000 "
2000,estratificado,mujer,-,-,sur,-,-,-,24.7,22.9,26.6," 1,897,000 "
2000,estratificado,hombre,-,-,-,primaria o menos,-,-,18.4,17.0,19.9," 1,701,000 "
2000,estratificado,hombre,-,-,-,secundaria,-,-,17.3,15.0,19.8," 921,000 "
2000,estratificado,hombre,-,-,-,media,-,-,19.5,16.4,23.1," 798,000 "
2000,estratificado,hombre,-,-,-,superior,-,-,20.5,17.5,23.7," 588,000 "
2000,estratificado,mujer,-,-,-,primaria o menos,-,-,32.7,31.2,34.2," 3,970,000 "
2000,estratificado,mujer,-,-,-,secundaria,-,-,24.3,22.7,25.9," 1,200,000 "
2000,estratificado,mujer,-,-,-,media,-,-,23.3,21.5,25.1," 1,098,000 "
2000,estratificado,mujer,-,-,-,superior,-,-,18.0,15.6,20.8," 279,000 "
2000,estratificado,hombre,-,-,-,-,bajo,-,11.7,10.3,13.3," 779,000 "
2000,estratificado,hombre,-,-,-,-,medio,-,18.9,17.3,20.6," 1,386,000 "
2000,estratificado,hombre,-,-,-,-,alto,-,23.5,21.6,25.5," 2,050,000 "
2000,estratificado,mujer,-,-,-,-,bajo,-,22.9,21.3,24.6," 1,779,000 "
2000,estratificado,mujer,-,-,-,-,medio,-,31.5,29.9,33.2," 2,647,000 "
2000,estratificado,mujer,-,-,-,-,alto,-,29.1,27.8,30.5," 2,707,000 "
2000,estratificado,hombre,-,-,-,-,-,no,,,,
2000,estratificado,hombre,-,-,-,-,-,si,,,,
2000,estratificado,mujer,-,-,-,-,-,no,,,,
2000,estratificado,mujer,-,-,-,-,-,si,,,,
2006,nacional ,-,-,-,-,-,-,-,29.9,29.1,30.7," 12,943,000 "
2006,estratificado,hombre,-,-,-,-,-,-,23.5,22.4,24.6," 4,201,000 "
2006,estratificado,mujer,-,-,-,-,-,-,34.4,33.3,35.5," 8,742,000 "
2006,estratificado,-,20-39,-,-,-,-,-,25.0,24.0,26.1," 5,295,000 "
2006,estratificado,-,40-59,-,-,-,-,-,37.7,36.3,39.1," 5,522,000 "
2006,estratificado,-,60+,-,-,-,-,-,28.4,26.7,30.1," 2,126,000 "
2006,estratificado,-,-,rural,-,-,-,-,24.9,23.2,26.6," 2,459,000 "
2006,estratificado,-,-,urbano,-,-,-,-,31.4,30.5,32.2," 10,484,000 "
2006,estratificado,-,-,-,norte ,-,-,-,34.7,33.3,36.2," 2,944,000 "
2006,estratificado,-,-,-,centro,-,-,-,29.8,28.5,31.1," 4,821,000 "
2006,estratificado,-,-,-,cdmx,-,-,-,29.3,26.2,32.5," 1,389,000 "
2006,estratificado,-,-,-,sur,-,-,-,27.3,26.0,28.6," 3,790,000 "
2006,estratificado,-,-,-,-,primaria o menos,-,-,32.3,31.2,33.3," 7,410,000 "
2006,estratificado,-,-,-,-,secundaria,-,-,28.9,27.4,30.5," 2,737,000 "
2006,estratificado,-,-,-,-,media,-,-,26.3,24.4,28.2," 1,733,000 "
2006,estratificado,-,-,-,-,superior,-,-,24.7,22.1,27.5," 1,009,000 "
2006,estratificado,-,-,-,-,-,bajo,-,23.9,22.5,25.2," 2,830,000 "
2006,estratificado,-,-,-,-,-,medio,-,32.1,30.8,33.3," 4,397,000 "
2006,estratificado,-,-,-,-,-,alto,-,32.3,30.9,33.7," 5,661,000 "
2006,estratificado,-,-,-,-,-,-,no,,,, -   
2006,estratificado,-,-,-,-,-,-,si,,,, -   
2006,estratificado,hombre,20-39,-,-,-,-,-,21.1,19.5,22.7," 1,774,000 "
2006,estratificado,hombre,40-59,-,-,-,-,-,29.1,27.2,31.2," 1,783,000 "
2006,estratificado,hombre,60+,-,-,-,-,-,19.3,17.3,21.5," 644,000 "
2006,estratificado,mujer,20-39,-,-,-,-,-,27.6,26.3,29.0," 3,521,000 "
2006,estratificado,mujer,40-59,-,-,-,-,-,43.8,41.9,45.7," 3,739,000 "
2006,estratificado,mujer,60+,-,-,-,-,-,35.6,33.1,38.2," 1,482,000 "
2006,estratificado,hombre,-,rural,-,-,-,-,17.4,15.5,19.5," 705,000 "
2006,estratificado,hombre,-,urbano,-,-,-,-,25.3,24.0,26.6," 3,496,000 "
2006,estratificado,mujer,-,rural,-,-,-,-,30.0,27.9,32.2," 1,753,000 "
2006,estratificado,mujer,-,urbano,-,-,-,-,35.7,34.4,36.9," 6,989,000 "
2006,estratificado,hombre,-,-,norte ,-,-,-,25.9,24.0,27.8," 950,000 "
2006,estratificado,hombre,-,-,centro,-,-,-,23.3,21.6,25.2," 1,524,000 "
2006,estratificado,hombre,-,-,cdmx,-,-,-,24.7,20.2,29.9," 495,000 "
2006,estratificado,hombre,-,-,sur,-,-,-,21.7,20.1,23.4," 1,232,000 "
2006,estratificado,mujer,-,-,norte ,-,-,-,41.5,39.5,43.5," 1,994,000 "
2006,estratificado,mujer,-,-,centro,-,-,-,34.1,32.3,35.9," 3,297,000 "
2006,estratificado,mujer,-,-,cdmx,-,-,-,32.6,27.8,37.8," 894,000 "
2006,estratificado,mujer,-,-,sur,-,-,-,31.1,29.4,32.8," 2,557,000 "
2006,estratificado,hombre,-,-,-,primaria o menos,-,-,22.5,21.1,24.0," 1,969,000 "
2006,estratificado,hombre,-,-,-,secundaria,-,-,24.2,22.0,26.6," 1,021,000 "
2006,estratificado,hombre,-,-,-,media,-,-,22.8,20.2,25.6," 617,000 "
2006,estratificado,hombre,-,-,-,superior,-,-,27.0,23.5,30.8," 582,000 "
2006,estratificado,mujer,-,-,-,primaria o menos,-,-,38.2,36.8,39.7," 5,441,000 "
2006,estratificado,mujer,-,-,-,secundaria,-,-,32.7,30.6,34.9," 1,716,000 "
2006,estratificado,mujer,-,-,-,media,-,-,28.7,26.1,31.4," 1,116,000 "
2006,estratificado,mujer,-,-,-,superior,-,-,22.1,18.8,25.8," 427,000 "
2006,estratificado,hombre,-,-,-,-,bajo,-,16.5,14.9,18.3," 792,000 "
2006,estratificado,hombre,-,-,-,-,medio,-,24.9,23.1,26.7," 1,382,000 "
2006,estratificado,hombre,-,-,-,-,alto,-,27.0,25.1,29.0," 2,015,000 "
2006,estratificado,mujer,-,-,-,-,bajo,-,28.8,27.1,30.5," 2,038,000 "
2006,estratificado,mujer,-,-,-,-,medio,-,36.9,35.3,38.6," 3,015,000 "
2006,estratificado,mujer,-,-,-,-,alto,-,36.2,34.3,38.2," 3,646,000 "
2006,estratificado,hombre,-,-,-,-,-,no,,,,
2006,estratificado,hombre,-,-,-,-,-,si,,,,
2006,estratificado,mujer,-,-,-,-,-,no,,,,
2006,estratificado,mujer,-,-,-,-,-,si,,,,
2012,nacional ,-,-,-,-,-,-,-,33.4,32.6,34.2," 16,951,000 "
2012,estratificado,hombre,-,-,-,-,-,-,27.5,26.3,28.6," 6,233,000 "
2012,estratificado,mujer,-,-,-,-,-,-,38.2,37.1,39.2," 10,718,000 "
2012,estratificado,-,20-39,-,-,-,-,-,28.8,27.8,29.9," 7,214,000 "
2012,estratificado,-,40-59,-,-,-,-,-,41.3,40.0,42.7," 7,146,000 "
2012,estratificado,-,60+,-,-,-,-,-,30.6,28.9,32.3," 2,591,000 "
2012,estratificado,-,-,rural,-,-,-,-,27.4,26.2,28.6," 3,489,000 "
2012,estratificado,-,-,urbano,-,-,-,-,35.4,34.4,36.4," 13,461,000 "
2012,estratificado,-,-,-,norte ,-,-,-,37.5,36.1,39.0," 4,708,000 "
2012,estratificado,-,-,-,centro,-,-,-,32.0,30.6,33.3," 5,680,000 "
2012,estratificado,-,-,-,cdmx,-,-,-,35.8,27.4,45.3," 536,000 "
2012,estratificado,-,-,-,sur,-,-,-,31.8,30.5,33.0," 6,026,000 "
2012,estratificado,-,-,-,-,primaria o menos,-,-,34.8,33.7,36," 7,664,000 "
2012,estratificado,-,-,-,-,secundaria,-,-,33.6,32.1,35.2," 4,513,000 "
2012,estratificado,-,-,-,-,media,-,-,31.1,29.3,32.9," 2,804,000 "
2012,estratificado,-,-,-,-,superior,-,-,31.1,28.6,33.6," 1,970,000 "
2012,estratificado,-,-,-,-,-,bajo,-,29.2,28.0,30.3," 5,134,000 "
2012,estratificado,-,-,-,-,-,medio,-,35.5,34.2,36.8," 6,273,000 "
2012,estratificado,-,-,-,-,-,alto,-,35.8,34.2,37.4," 5,543,000 "
2012,estratificado,-,-,-,-,-,-,no,,,,
2012,estratificado,-,-,-,-,-,-,si,,,,
2012,estratificado,hombre,20-39,-,-,-,-,-,25.6,23.9,27.3," 2,771,000 "
2012,estratificado,hombre,40-59,-,-,-,-,-,32.7,30.7,34.8," 2,613,000 "
2012,estratificado,hombre,60+,-,-,-,-,-,21.9,19.7,24.4," 849,000 "
2012,estratificado,mujer,20-39,-,-,-,-,-,31.3,30.0,32.7," 4,443,000 "
2012,estratificado,mujer,40-59,-,-,-,-,-,48.7,46.9,50.4," 4,533,000 "
2012,estratificado,mujer,60+,-,-,-,-,-,37.9,35.5,40.3," 1,741,000 "
2012,estratificado,hombre,-,rural,-,-,-,-,20.5,19.0,22.0," 1,201,000 "
2012,estratificado,hombre,-,urbano,-,-,-,-,29.9,28.4,31.4," 5,032,000 "
2012,estratificado,mujer,-,rural,-,-,-,-,33.3,31.6,35.0," 2,288,000 "
2012,estratificado,mujer,-,urbano,-,-,-,-,39.7,38.5,41.0," 8,429,000 "
2012,estratificado,hombre,-,-,norte ,-,-,-,31.4,29.3,33.6," 1,864,000 "
2012,estratificado,hombre,-,-,centro,-,-,-,25.1,23.2,27.0," 1,969,000 "
2012,estratificado,hombre,-,-,cdmx,-,-,-,28.4,16.0,45.3," 178,000 "
2012,estratificado,hombre,-,-,sur,-,-,-,26.8,25.1,28.7," 2,221,000 "
2012,estratificado,mujer,-,-,norte ,-,-,-,43.0,41.0,45.0," 2,844,000 "
2012,estratificado,mujer,-,-,centro,-,-,-,37.4,35.5,39.4," 3,711,000 "
2012,estratificado,mujer,-,-,cdmx,-,-,-,41.2,34.4,48.3," 358,000 "
2012,estratificado,mujer,-,-,sur,-,-,-,35.6,34.0,37.2," 3,804,000 "
2012,estratificado,hombre,-,-,-,primaria o menos,-,-,24.8,23.3,26.4," 2,330,000 "
2012,estratificado,hombre,-,-,-,secundaria,-,-,28.0,25.7,30.3," 1,705,000 "
2012,estratificado,hombre,-,-,-,media,-,-,29.5,26.7,32.4," 1,171,000 "
2012,estratificado,hombre,-,-,-,superior,-,-,31.9,28.5,35.4," 1,027,000 "
2012,estratificado,mujer,-,-,-,primaria o menos,-,-,42.4,40.8,43.9," 5,334,000 "
2012,estratificado,mujer,-,-,-,secundaria,-,-,38.3,36.4,40.3," 2,807,000 "
2012,estratificado,mujer,-,-,-,media,-,-,32.4,30.0,34.8," 1,633,000 "
2012,estratificado,mujer,-,-,-,superior,-,-,30.2,27.0,33.7," 944,000 "
2012,estratificado,hombre,-,-,-,-,bajo,-,22.1,20.6,23.7," 1,746,000 "
2012,estratificado,hombre,-,-,-,-,medio,-,28.8,27.1,30.6," 2,265,000 "
2012,estratificado,hombre,-,-,-,-,alto,-,32.0,29.5,34.6," 2,222,000 "
2012,estratificado,mujer,-,-,-,-,bajo,-,34.9,33.4,36.4," 3,388,000 "
2012,estratificado,mujer,-,-,-,-,medio,-,40.8,39.1,42.6," 4,009,000 "
2012,estratificado,mujer,-,-,-,-,alto,-,38.8,36.8,40.9," 3,321,000 "
2012,estratificado,hombre,-,-,-,-,-,no,,,,
2012,estratificado,hombre,-,-,-,-,-,si,,,,
2012,estratificado,mujer,-,-,-,-,-,no,,,,
2012,estratificado,mujer,-,-,-,-,-,si,,,,
2016,nacional ,-,-,-,-,-,-,-,33.4,30.9,36.0," 23,021,000 "
2016,estratificado,hombre,-,-,-,-,-,-,27.8,23.8,32.2," 9,231,000 "
2016,estratificado,mujer,-,-,-,-,-,-,38.6,36.0,41.2," 13,790,000 "
2016,estratificado,-,20-39,-,-,-,-,-,30.6,26.9,34.6," 10,637,000 "
2016,estratificado,-,40-59,-,-,-,-,-,38.7,35.8,41.8," 8,683,000 "
2016,estratificado,-,60+,-,-,-,-,-,31.5,27.0,36.3," 3,701,000 "
2016,estratificado,-,-,rural,-,-,-,-,29.0,26.5,31.6," 4,560,000 "
2016,estratificado,-,-,urbano,-,-,-,-,34.7,31.6,37.9," 18,461,000 "
2016,estratificado,-,-,-,norte ,-,-,-,38.0,31.8,44.6," 5,482,000 "
2016,estratificado,-,-,-,centro,-,-,-,29.6,25.3,34.2," 6,745,000 "
2016,estratificado,-,-,-,cdmx,-,-,-,33.3,28.5,38.5," 4,034,000 "
2016,estratificado,-,-,-,sur,-,-,-,34.5,30.3,39.0," 6,761,000 "
2016,estratificado,-,-,-,-,primaria o menos,-,-,34.0,31.3,36.9," 8,085,000 "
2016,estratificado,-,-,-,-,secundaria,-,-,34.8,31.4,38.4," 7,139,000 "
2016,estratificado,-,-,-,-,media,-,-,31.4,26.7,36.6," 4,239,000 "
2016,estratificado,-,-,-,-,superior,-,-,31.8,23.8,41.0," 3,558,000 "
2016,estratificado,-,-,-,-,-,bajo,-,28.8,25.8,31.9," 4,136,000 "
2016,estratificado,-,-,-,-,-,medio,-,34.3,30.9,37.8," 7,076,000 "
2016,estratificado,-,-,-,-,-,alto,-,34.8,31.0,38.9," 11,809,000 "
2016,estratificado,-,-,-,-,-,-,no,,,,
2016,estratificado,-,-,-,-,-,-,si,,,,
2016,estratificado,hombre,20-39,-,-,-,-,-,26.5,20.5,33.6," 4,581,000 "
2016,estratificado,hombre,40-59,-,-,-,-,-,32.7,28.6,37.1," 3,360,000 "
2016,estratificado,hombre,60+,-,-,-,-,-,22.8,17.6,28.9," 1,291,000 "
2016,estratificado,mujer,20-39,-,-,-,-,-,34.6,31.1,38.3," 6,056,000 "
2016,estratificado,mujer,40-59,-,-,-,-,-,43.9,40.0,47.8," 5,324,000 "
2016,estratificado,mujer,60+,-,-,-,-,-,39.6,32.8,46.8," 2,410,000 "
2016,estratificado,hombre,-,rural,-,-,-,-,21.5,18.4,24.9," 1,670,000 "
2016,estratificado,hombre,-,urbano,-,-,-,-,29.7,24.6,35.4," 7,561,000 "
2016,estratificado,mujer,-,rural,-,-,-,-,36.4,33.0,40.0," 2,890,000 "
2016,estratificado,mujer,-,urbano,-,-,-,-,39.2,36.1,42.4," 10,900,000 "
2016,estratificado,hombre,-,-,norte ,-,-,-,33.0,23.6,44.0," 2,347,000 "
2016,estratificado,hombre,-,-,centro,-,-,-,23.2,16.7,31.2," 2,536,000 "
2016,estratificado,hombre,-,-,cdmx,-,-,-,25.3,16.2,37.1," 1,430,000 "
2016,estratificado,hombre,-,-,sur,-,-,-,30.7,24.4,37.9," 2,918,000 "
2016,estratificado,mujer,-,-,norte ,-,-,-,42.8,36.9,49.0," 3,134,000 "
2016,estratificado,mujer,-,-,centro,-,-,-,35.5,31.2,39.9," 4,209,000 "
2016,estratificado,mujer,-,-,cdmx,-,-,-,40.4,34.1,47.0," 2,603,000 "
2016,estratificado,mujer,-,-,sur,-,-,-,38.1,33.9,42.5," 3,843,000 "
2016,estratificado,hombre,-,-,-,primaria o menos,-,-,25.6,22.0,29.6," 2,847,000 "
2016,estratificado,hombre,-,-,-,secundaria,-,-,24.6,19.6,30.5," 2,305,000 "
2016,estratificado,hombre,-,-,-,media,-,-,32.6,25.0,41.3," 2,239,000 "
2016,estratificado,hombre,-,-,-,superior,-,-,31.3,18.9,47.2," 1,841,000 "
2016,estratificado,mujer,-,-,-,primaria o menos,-,-,41.4,37.7,45.2," 5,238,000 "
2016,estratificado,mujer,-,-,-,secundaria,-,-,43.4,38.5,48.4," 4,834,000 "
2016,estratificado,mujer,-,-,-,media,-,-,30.1,25.6,35.2," 2,001,000 "
2016,estratificado,mujer,-,-,-,superior,-,-,32.3,21.9,44.9," 1,717,000 "
2016,estratificado,hombre,-,-,-,-,bajo,-,19.4,15.9,23.4," 1,364,000 "
2016,estratificado,hombre,-,-,-,-,medio,-,26.8,22.0,32.3," 2,628,000 "
2016,estratificado,hombre,-,-,-,-,alto,-,32.0,25.4,39.4," 5,239,000 "
2016,estratificado,mujer,-,-,-,-,bajo,-,37.7,33.6,42.1," 2,772,000 "
2016,estratificado,mujer,-,-,-,-,medio,-,40.9,36.3,45.7," 4,448,000 "
2016,estratificado,mujer,-,-,-,-,alto,-,37.5,33.8,41.3," 6,570,000 "
2016,estratificado,hombre,-,-,-,-,-,no,,,,
2016,estratificado,hombre,-,-,-,-,-,si,,,,
2016,estratificado,mujer,-,-,-,-,-,no,,,,
2016,estratificado,mujer,-,-,-,-,-,si,,,,
2018,nacional ,-,-,-,-,-,-,-,36.1,34.9,37.4," 28,285,000 "
2018,estratificado,hombre,-,-,-,-,-,-,30.6,28.9,32.3," 10,041,000 "
2018,estratificado,mujer,-,-,-,-,-,-,40.2,38.5,41.9," 18,244,000 "
2018,estratificado,-,20-39,-,-,-,-,-,31.0,29.3,32.7," 9,832,000 "
2018,estratificado,-,40-59,-,-,-,-,-,43.1,40.9,45.3," 12,640,000 "
2018,estratificado,-,60+,-,-,-,-,-,33.8,31.0,36.7," 5,813,000 "
2018,estratificado,-,-,rural,-,-,-,-,31.9,30.1,33.7," 5,318,000 "
2018,estratificado,-,-,urbano,-,-,-,-,37.3,35.8,38.8," 22,967,000 "
2018,estratificado,-,-,-,norte ,-,-,-,41.7,39.4,44.1," 6,617,000 "
2018,estratificado,-,-,-,centro,-,-,-,33.1,31.3,35.0," 8,307,000 "
2018,estratificado,-,-,-,cdmx,-,-,-,35.2,30.7,40.1," 4,752,000 "
2018,estratificado,-,-,-,sur,-,-,-,36.1,34.3,38.0," 8,609,000 "
2018,estratificado,-,-,-,-,primaria o menos,-,-,36.7,34.7,38.9," 9,617,000 "
2018,estratificado,-,-,-,-,secundaria,-,-,39.4,37.2,41.6," 8,489,000 "
2018,estratificado,-,-,-,-,media,-,-,35.0,32.3,37.7," 6,107,000 "
2018,estratificado,-,-,-,-,superior,-,-,31.2,28.3,34.3," 4,072,000 "
2018,estratificado,-,-,-,-,-,bajo,-,33.5,31.6,35.5," 7,797,000 "
2018,estratificado,-,-,-,-,-,medio,-,38.4,36.3,40.6," 9,888,000 "
2018,estratificado,-,-,-,-,-,alto,-,36.3,34.0,38.6," 10,600,000 "
2018,estratificado,-,-,-,-,-,-,no,35.9,34.6,37.2," 25,718,000 "
2018,estratificado,-,-,-,-,-,-,si,38.6,34.0,43.5," 2,567,000 "
2018,estratificado,hombre,20-39,-,-,-,-,-,28.7,26.2,31.3," 3,778,000 "
2018,estratificado,hombre,40-59,-,-,-,-,-,35.5,32.5,38.5," 4,369,000 "
2018,estratificado,hombre,60+,-,-,-,-,-,25.8,22.2,29.6," 1,893,000 "
2018,estratificado,mujer,20-39,-,-,-,-,-,32.6,30.4,35.0," 6,054,000 "
2018,estratificado,mujer,40-59,-,-,-,-,-,48.6,45.7,51.6," 8,270,000 "
2018,estratificado,mujer,60+,-,-,-,-,-,39.8,35.9,43.8," 3,920,000 "
2018,estratificado,hombre,-,rural,-,-,-,-,25.0,22.9,27.3," 1,882,000 "
2018,estratificado,hombre,-,urbano,-,-,-,-,32.2,30.1,34.4," 8,159,000 "
2018,estratificado,mujer,-,rural,-,-,-,-,37.5,35.2,39.9," 3,436,000 "
2018,estratificado,mujer,-,urbano,-,-,-,-,40.8,38.8,42.9," 14,809,000 "
2018,estratificado,hombre,-,-,norte ,-,-,-,36.3,32.9,39.8," 2,465,000 "
2018,estratificado,hombre,-,-,centro,-,-,-,26.7,24.4,29.1," 2,969,000 "
2018,estratificado,hombre,-,-,cdmx,-,-,-,32.1,25.5,39.5," 1,677,000 "
2018,estratificado,hombre,-,-,sur,-,-,-,30.2,27.8,32.7," 2,930,000 "
2018,estratificado,mujer,-,-,norte ,-,-,-,45.8,42.7,48.9," 4,152,000 "
2018,estratificado,mujer,-,-,centro,-,-,-,38.3,35.7,40.9," 5,338,000 "
2018,estratificado,mujer,-,-,cdmx,-,-,-,37.2,31.1,43.7," 3,075,000 "
2018,estratificado,mujer,-,-,sur,-,-,-,40.2,37.7,42.7," 5,679,000 "
2018,estratificado,hombre,-,-,-,primaria o menos,-,-,26.1,23.5,28.8," 2,726,000 "
2018,estratificado,hombre,-,-,-,secundaria,-,-,32.8,29.4,36.3," 2,918,000 "
2018,estratificado,hombre,-,-,-,media,-,-,31.2,27.4,35.3," 2,253,000 "
2018,estratificado,hombre,-,-,-,superior,-,-,34.2,29.9,38.9," 2,143,000 "
2018,estratificado,mujer,-,-,-,primaria o menos,-,-,43.8,41.1,46.6," 6,891,000 "
2018,estratificado,mujer,-,-,-,secundaria,-,-,44.0,40.9,47.0," 5,571,000 "
2018,estratificado,mujer,-,-,-,media,-,-,37.6,34.0,41.4," 3,853,000 "
2018,estratificado,mujer,-,-,-,superior,-,-,28.4,24.6,32.6," 1,929,000 "
2018,estratificado,hombre,-,-,-,-,bajo,-,25.3,22.8,27.9," 2,515,000 "
2018,estratificado,hombre,-,-,-,-,medio,-,29.0,26.1,32.0," 3,041,000 "
2018,estratificado,hombre,-,-,-,-,alto,-,36.2,32.9,39.6," 4,485,000 "
2018,estratificado,mujer,-,-,-,-,bajo,-,39.7,37.2,42.3," 5,283,000 "
2018,estratificado,mujer,-,-,-,-,medio,-,44.8,42.0,47.7," 6,846,000 "
2018,estratificado,mujer,-,-,-,-,alto,-,36.3,33.3,39.4," 6,115,000 "
2018,estratificado,hombre,-,-,-,-,-,no,30.9,29.1,32.7," 9,369,000 "
2018,estratificado,hombre,-,-,-,-,-,si,27.1,21.3,33.8," 672,000 "
2018,estratificado,mujer,-,-,-,-,-,no,39.6,37.9,41.4," 16,349,000 "
2018,estratificado,mujer,-,-,-,-,-,si,45.5,39.4,51.8," 1,895,000 "
2020,nacional ,-,-,-,-,-,-,-,36.0,34.8,37.3," 29,961,000 "
2020,estratificado,hombre,-,-,-,-,-,-,31.5,29.8,33.3," 12,621,000 "
2020,estratificado,mujer,-,-,-,-,-,-,40.2,38.5,41.9," 17,340,000 "
2020,estratificado,-,20-39,-,-,-,-,-,32.0,30.2,33.9," 11,864,000 "
2020,estratificado,-,40-59,-,-,-,-,-,42.5,40.5,44.4," 12,656,000 "
2020,estratificado,-,60+,-,-,-,-,-,33.3,30.8,35.8," 5,441,000 "
2020,estratificado,-,-,rural,-,-,-,-,33.9,30.8,37.2," 5,527,000 "
2020,estratificado,-,-,urbano,-,-,-,-,36.5,35.2,37.8," 24,434,000 "
2020,estratificado,-,-,-,norte ,-,-,-,40.7,38.0,43.5," 6,908,000 "
2020,estratificado,-,-,-,centro,-,-,-,33.9,31.8,35.9," 10,886,000 "
2020,estratificado,-,-,-,cdmx,-,-,-,32.0,29.0,35.2," 2,711,000 "
2020,estratificado,-,-,-,sur,-,-,-,36.9,34.6,39.3," 9,456,000 "
2020,estratificado,-,-,-,-,primaria o menos,-,-,37.0,34.9,39.2," 8,775,000 "
2020,estratificado,-,-,-,-,secundaria,-,-,39.8,37.4,42.2," 8,714,000 "
2020,estratificado,-,-,-,-,media,-,-,34.2,32.0,36.5," 6,444,000 "
2020,estratificado,-,-,-,-,superior,-,-,32.2,29.6,34.8," 6,028,000 "
2020,estratificado,-,-,-,-,-,bajo,-,34.3,32.0,36.6," 8,809,000 "
2020,estratificado,-,-,-,-,-,medio,-,38.2,36.2,40.3," 10,004,000 "
2020,estratificado,-,-,-,-,-,alto,-,35.6,33.7,37.6," 11,147,000 "
2020,estratificado,-,-,-,-,-,-,no,,,,
2020,estratificado,-,-,-,-,-,-,si,,,,
2020,estratificado,hombre,20-39,-,-,-,-,-,31.1,28.4,33.8," 5,625,000 "
2020,estratificado,hombre,40-59,-,-,-,-,-,35.8,32.8,38.9," 5,029,000 "
2020,estratificado,hombre,60+,-,-,-,-,-,24.9,21.5,28.7," 1,966,000 "
2020,estratificado,mujer,20-39,-,-,-,-,-,32.9,30.7,35.2," 6,238,000 "
2020,estratificado,mujer,40-59,-,-,-,-,-,48.4,45.9,50.9," 7,627,000 "
2020,estratificado,mujer,60+,-,-,-,-,-,41.1,37.8,44.4," 3,475,000 "
2020,estratificado,hombre,-,rural,-,-,-,-,27.5,23.5,32.0," 2,140,000 "
2020,estratificado,hombre,-,urbano,-,-,-,-,32.5,30.6,34.4," 10,481,000 "
2020,estratificado,mujer,-,rural,-,-,-,-,39.8,36.4,43.2," 3,388,000 "
2020,estratificado,mujer,-,urbano,-,-,-,-,40.3,38.4,42.2," 13,953,000 "
2020,estratificado,hombre,-,-,norte ,-,-,-,38.6,34.7,42.6," 3,247,000 "
2020,estratificado,hombre,-,-,centro,-,-,-,28.2,25.5,31.1," 4,376,000 "
2020,estratificado,hombre,-,-,cdmx,-,-,-,24.2,20.3,28.6," 956,000 "
2020,estratificado,hombre,-,-,sur,-,-,-,33.2,29.9,36.7," 4,041,000 "
2020,estratificado,mujer,-,-,norte ,-,-,-,42.9,38.6,47.3," 3,660,000 "
2020,estratificado,mujer,-,-,centro,-,-,-,39.1,36.5,41.8," 6,510,000 "
2020,estratificado,mujer,-,-,cdmx,-,-,-,38.8,34.3,43.5," 1,755,000 "
2020,estratificado,mujer,-,-,sur,-,-,-,40.3,37.4,43.2," 5,415,000 "
2020,estratificado,hombre,-,-,-,primaria o menos,-,-,28.8,25.5,32.5," 3,179,000 "
2020,estratificado,hombre,-,-,-,secundaria,-,-,31.9,28.5,35.6," 3,200,000 "
2020,estratificado,hombre,-,-,-,media,-,-,30.4,27.2,33.8," 2,749,000 "
2020,estratificado,hombre,-,-,-,superior,-,-,35.1,31.5,38.9," 3,493,000 "
2020,estratificado,mujer,-,-,-,primaria o menos,-,-,44.1,41.4,46.9," 5,596,000 "
2020,estratificado,mujer,-,-,-,secundaria,-,-,46.4,43.3,49.5," 5,515,000 "
2020,estratificado,mujer,-,-,-,media,-,-,37.7,34.4,41.1," 3,695,000 "
2020,estratificado,mujer,-,-,-,superior,-,-,28.9,25.6,32.3," 2,535,000 "
2020,estratificado,hombre,-,-,-,-,bajo,-,28.2,25.1,31.5," 3,460,000 "
2020,estratificado,hombre,-,-,-,-,medio,-,31.6,28.6,34.8," 3,797,000 "
2020,estratificado,hombre,-,-,-,-,alto,-,34.0,31.2,37.0," 5,364,000 "
2020,estratificado,mujer,-,-,-,-,bajo,-,39.8,37.0,42.7," 5,349,000 "
2020,estratificado,mujer,-,-,-,-,medio,-,43.8,41.2,46.4," 6,208,000 "
2020,estratificado,mujer,-,-,-,-,alto,-,37.2,34.6,39.9," 5,783,000 "
2020,estratificado,hombre,-,-,-,-,-,no,,,,
2020,estratificado,hombre,-,-,-,-,-,si,,,,
2020,estratificado,mujer,-,-,-,-,-,no,,,,
2020,estratificado,mujer,-,-,-,-,-,si,,,,
2021,nacional ,-,-,-,-,-,-,-,37.5,35.9,39.1," 26,750,000 "
2021,estratificado,hombre,-,-,-,-,-,-,31.8,29.5,34.3," 10,015,000 "
2021,estratificado,mujer,-,-,-,-,-,-,42.0,40.0,44.0," 16,736,000 "
2021,estratificado,-,20-39,-,-,-,-,-,34.4,32.0,36.9," 11,160,000 "
2021,estratificado,-,40-59,-,-,-,-,-,44.3,41.6,47.1," 11,073,000 "
2021,estratificado,-,60+,-,-,-,-,-,32.5,29.8,35.4," 4,517,000 "
2021,estratificado,-,-,rural,-,-,-,-,32.6,29.3,36.1," 4,970,000 "
2021,estratificado,-,-,urbano,-,-,-,-,38.9,37.1,40.7," 21,780,000 "
2021,estratificado,-,-,-,norte ,-,-,-,43.0,38.8,47.3," 6,069,000 "
2021,estratificado,-,-,-,centro,-,-,-,35.7,33.7,37.8," 10,283,000 "
2021,estratificado,-,-,-,cdmx,-,-,-,38.5,34.9,42.3," 2,602,000 "
2021,estratificado,-,-,-,sur,-,-,-,36.0,32.8,39.3," 7,796,000 "
2021,estratificado,-,-,-,-,primaria o menos,-,-,38.4,35.9,40.9," 7,941,000 "
2021,estratificado,-,-,-,-,secundaria,-,-,40.3,37.6,43.2," 8,096,000 "
2021,estratificado,-,-,-,-,media,-,-,35.4,32.4,38.6," 5,785,000 "
2021,estratificado,-,-,-,-,superior,-,-,34.7,30.6,39.0," 4,929,000 "
2021,estratificado,-,-,-,-,-,bajo,-,34.6,32.0,37.3," 7,800,000 "
2021,estratificado,-,-,-,-,-,medio,-,39.9,37.0,42.8," 9,088,000 "
2021,estratificado,-,-,-,-,-,alto,-,38.0,35.4,40.7," 9,863,000 "
2021,estratificado,-,-,-,-,-,-,no,37.3,35.6,39.0," 24,518,000 "
2021,estratificado,-,-,-,-,-,-,si,40.4,35.5,45.3," 2,232,000 "
2021,estratificado,hombre,20-39,-,-,-,-,-,32.8,29.0,36.8," 4,575,000 "
2021,estratificado,hombre,40-59,-,-,-,-,-,36.1,32.0,40.4," 3,788,000 "
2021,estratificado,hombre,60+,-,-,-,-,-,23.6,19.8,27.9," 1,653,000 "
2021,estratificado,mujer,20-39,-,-,-,-,-,35.7,32.9,38.6," 6,585,000 "
2021,estratificado,mujer,40-59,-,-,-,-,-,50.2,47.0,53.5," 7,285,000 "
2021,estratificado,mujer,60+,-,-,-,-,-,41.6,37.5,45.9," 2,865,000 "
2021,estratificado,hombre,-,rural,-,-,-,-,25.1,20.4,30.5," 1,779,000 "
2021,estratificado,hombre,-,urbano,-,-,-,-,33.8,31.1,36.6," 8,235,000 "
2021,estratificado,mujer,-,rural,-,-,-,-,39.1,35.2,43.1," 3,190,000 "
2021,estratificado,mujer,-,urbano,-,-,-,-,42.7,40.5,45.0," 13,545,000 "
2021,estratificado,hombre,-,-,norte ,-,-,-,36.3,32.5,40.2," 2,339,000 "
2021,estratificado,hombre,-,-,centro,-,-,-,41.5,38.3,44.8," 5,346,000 "
2021,estratificado,hombre,-,-,cdmx,-,-,-,45.6,40.6,50.8," 1,287,000 "
2021,estratificado,hombre,-,-,sur,-,-,-,40.8,37.6,44.0," 3,796,000 "
2021,estratificado,mujer,-,-,norte ,-,-,-,32.9,29.2,36.8," 2,522,000 "
2021,estratificado,mujer,-,-,centro,-,-,-,36.0,33.5,38.7," 5,733,000 "
2021,estratificado,mujer,-,-,cdmx,-,-,-,37.5,33.4,41.7," 1,474,000 "
2021,estratificado,mujer,-,-,sur,-,-,-,36.9,33.9,40.0," 4,549,000 "
2021,estratificado,hombre,-,-,-,primaria o menos,-,-,26.8,23.2,30.7," 2,492,000 "
2021,estratificado,hombre,-,-,-,secundaria,-,-,34.5,30.1,39.2," 2,756,000 "
2021,estratificado,hombre,-,-,-,media,-,-,32.1,27.2,37.3," 2,272,000 "
2021,estratificado,hombre,-,-,-,superior,-,-,35.2,29.8,41.0," 2,495,000 "
2021,estratificado,mujer,-,-,-,primaria o menos,-,-,47.8,44.3,51.3," 5,449,000 "
2021,estratificado,mujer,-,-,-,secundaria,-,-,44.2,40.9,47.6," 5,340,000 "
2021,estratificado,mujer,-,-,-,media,-,-,38.0,33.9,42.3," 3,513,000 "
2021,estratificado,mujer,-,-,-,superior,-,-,34.2,29.3,39.4," 2,434,000 "
2021,estratificado,hombre,-,-,-,-,bajo,-,25.6,22.1,29.4," 2,579,000 "
2021,estratificado,hombre,-,-,-,-,medio,-,35.9,31.7,40.4," 3,537,000 "
2021,estratificado,hombre,-,-,-,-,alto,-,33.9,30.1,37.9," 3,899,000 "
2021,estratificado,mujer,-,-,-,-,bajo,-,41.9,38.9,45.0," 5,221,000 "
2021,estratificado,mujer,-,-,-,-,medio,-,42.9,39.5,46.2," 5,551,000 "
2021,estratificado,mujer,-,-,-,-,alto,-,41.3,37.7,45.0," 5,963,000 "
2021,estratificado,hombre,-,-,-,-,-,no,32.2,29.7,34.8," 9,459,000 "
2021,estratificado,hombre,-,-,-,-,-,si,26.8,19.2,36.0," 556,000 "
2021,estratificado,mujer,-,-,-,-,-,no,41.4,39.4,43.4," 15,059,000 "
2021,estratificado,mujer,-,-,-,-,-,si,48.5,42.1,54.9," 1,676,000 "
2022,nacional ,-,-,-,-,-,-,-,36.8,35.0,38.7," 30,829,000 "
2022,estratificado,hombre,-,-,-,-,-,-,32.4,29.7,35.1," 12,683,000 "
2022,estratificado,mujer,-,-,-,-,-,-,40.7,38.4,43.0," 18,146,000 "
2022,estratificado,-,20-39,-,-,-,-,-,33,30.7,35.5," 12,524,000 "
2022,estratificado,-,40-59,-,-,-,-,-,44.2,41.3,47.2," 12,941,000 "
2022,estratificado,-,60+,-,-,-,-,-,32.4,29.4,35.6," 5,364,000 "
2022,estratificado,-,-,rural,-,-,-,-,35.4,31.7,39.3," 6,034,000 "
2022,estratificado,-,-,urbano,-,-,-,-,37.2,35.1,39.3," 24,795,000 "
2022,estratificado,-,-,-,norte ,-,-,-,44.2,41.2,47.3," 7,748,000 "
2022,estratificado,-,-,-,centro,-,-,-,35.3,31.8,39.0," 11,164,000 "
2022,estratificado,-,-,-,cdmx,-,-,-,32.2,28.2,36.5," 3,007,000 "
2022,estratificado,-,-,-,sur,-,-,-,35.2,32.0,38.5," 8,911,000 "
2022,estratificado,-,-,-,-,primaria o menos,-,-,36.5,33.4,39.7," 8,561,000 "
2022,estratificado,-,-,-,-,secundaria,-,-,39.8,36.8,42.9," 9,133,000 "
2022,estratificado,-,-,-,-,media,-,-,37.6,34.0,41.3," 7,722,000 "
2022,estratificado,-,-,-,-,superior,-,-,32.3,28.9,35.9," 5,413,000 "
2022,estratificado,-,-,-,-,-,bajo,-,35.6,32.7,38.5," 9,211,000 "
2022,estratificado,-,-,-,-,-,medio,-,39.3,36.6,42.2," 10,602,000 "
2022,estratificado,-,-,-,-,-,alto,-,35.7,32.9,38.6," 11,017,000 "
2022,estratificado,-,-,-,-,-,-,no,35.7,33.8,37.7," 27,064,000 "
2022,estratificado,-,-,-,-,-,-,si,47.1,42.5,51.8," 3,765,000 "
2022,estratificado,hombre,20-39,-,-,-,-,-,31.2,27.5,35.0," 5,572,000 "
2022,estratificado,hombre,40-59,-,-,-,-,-,38.9,34.6,43.5," 5,348,000 "
2022,estratificado,hombre,60+,-,-,-,-,-,23.3,19.6,27.5," 1,763,000 "
2022,estratificado,mujer,20-39,-,-,-,-,-,34.7,31.6,37.9," 6,952,000 "
2022,estratificado,mujer,40-59,-,-,-,-,-,48.9,45.7,52.1," 7,593,000 "
2022,estratificado,mujer,60+,-,-,-,-,-,40.0,36.0,44.2," 3,601,000 "
2022,estratificado,hombre,-,rural,-,-,-,-,31.4,26.3,37.0," 2,532,000 "
2022,estratificado,hombre,-,urbano,-,-,-,-,32.6,29.6,35.8," 10,151,000 "
2022,estratificado,mujer,-,rural,-,-,-,-,39.0,34.6,43.5," 3,502,000 "
2022,estratificado,mujer,-,urbano,-,-,-,-,41.2,38.5,43.9," 14,644,000 "
2022,estratificado,hombre,-,-,norte ,-,-,-,38.3,33.8,43.0," 3,368,000 "
2022,estratificado,hombre,-,-,centro,-,-,-,31.3,26.4,36.6," 4,579,000 "
2022,estratificado,hombre,-,-,cdmx,-,-,-,24.7,17.0,34.3," 1,057,000 "
2022,estratificado,hombre,-,-,sur,-,-,-,32.1,28.2,36.4," 3,679,000 "
2022,estratificado,mujer,-,-,norte ,-,-,-,50.3,46.7,53.8," 4,380,000 "
2022,estratificado,mujer,-,-,centro,-,-,-,38.9,34.7,43.2," 6,585,000 "
2022,estratificado,mujer,-,-,cdmx,-,-,-,38.7,32.7,45.0," 1,950,000 "
2022,estratificado,mujer,-,-,sur,-,-,-,37.8,33.8,42.0," 5,232,000 "
2022,estratificado,hombre,-,-,-,primaria o menos,-,-,26.7,22.9,30.9," 2,821,000 "
2022,estratificado,hombre,-,-,-,secundaria,-,-,32.1,27.3,37.2," 3,308,000 "
2022,estratificado,hombre,-,-,-,media,-,-,40.7,35.4,46.2," 3,838,000 "
2022,estratificado,hombre,-,-,-,superior,-,-,30.6,25.0,36.8," 2,717,000 "
2022,estratificado,mujer,-,-,-,primaria o menos,-,-,44.4,39.7,49.1," 5,740,000 "
2022,estratificado,mujer,-,-,-,secundaria,-,-,46.1,42.6,49.6," 5,825,000 "
2022,estratificado,mujer,-,-,-,media,-,-,35.0,31.0,39.2," 3,885,000 "
2022,estratificado,mujer,-,-,-,superior,-,-,34.2,30.0,38.7," 2,696,000 "
2022,estratificado,hombre,-,-,-,-,bajo,-,30.1,26.4,34.2," 3,601,000 "
2022,estratificado,hombre,-,-,-,-,medio,-,33.9,29.8,38.3," 4,352,000 "
2022,estratificado,hombre,-,-,-,-,alto,-,32.9,28.3,37.7," 4,730,000 "
2022,estratificado,mujer,-,-,-,-,bajo,-,40.2,36.5,44.0," 5,610,000 "
2022,estratificado,mujer,-,-,-,-,medio,-,44.2,40.4,48.2," 6,250,000 "
2022,estratificado,mujer,-,-,-,-,alto,-,38.1,34.8,41.6," 6,287,000 "
2022,estratificado,hombre,-,-,-,-,-,no,31.8,29.0,34.7," 11,475,000 "
2022,estratificado,hombre,-,-,-,-,-,si,39.6,31.9,47.8," 1,208,000 "
2022,estratificado,mujer,-,-,-,-,-,no,39.3,37.0,41.8," 15,589,000 "
2022,estratificado,mujer,-,-,-,-,-,si,51.8,45.9,57.8," 2,557,000 "
2023,nacional ,-,-,-,-,-,-,-,40.7,37.9,43.5," 29,538,000 "
2023,estratificado,hombre,-,-,-,-,-,-,37.1,33.0,41.5," 12,542,000 "
2023,estratificado,mujer,-,-,-,-,-,-,43.7,40.1,47.5," 16,995,000 "
2023,estratificado,-,20-39,-,-,-,-,-,36.2,32.2,40.4," 11,801,000 "
2023,estratificado,-,40-59,-,-,-,-,-,49.4,44.6,54.1," 12,550,000 "
2023,estratificado,-,60+,-,-,-,-,-,35.4,31.4,39.7," 5,187,000 "
2023,estratificado,-,-,rural,-,-,-,-,40.9,35.1,47.1," 6,163,000 "
2023,estratificado,-,-,urbano,-,-,-,-,40.6,37.5,43.8," 23,374,000 "
2023,estratificado,-,-,-,norte ,-,-,-,50.2,40.4,59.9," 6,594,000 "
2023,estratificado,-,-,-,centro,-,-,-,38.5,35.1,42.0," 12,561,000 "
2023,estratificado,-,-,-,cdmx,-,-,-,36.7,27.7,46.8," 2,410,000 "
2023,estratificado,-,-,-,sur,-,-,-,39.3,34.6,44.2," 7,973,000 "
2023,estratificado,-,-,-,-,primaria o menos,-,-,45.0,40.5,49.7," 7,584,000 "
2023,estratificado,-,-,-,-,secundaria,-,-,42.8,37.6,48.1," 9,578,000 "
2023,estratificado,-,-,-,-,media,-,-,39.6,34.4,45.0," 7,463,000 "
2023,estratificado,-,-,-,-,superior,-,-,33.8,29.1,38.9," 4,913,000 "
2023,estratificado,-,-,-,-,-,bajo,-,37.6,33.2,42.2," 8,975,000 "
2023,estratificado,-,-,-,-,-,medio,-,47.4,42.7,52.1," 10,062,000 "
2023,estratificado,-,-,-,-,-,alto,-,38.2,34.4,42.1," 10,501,000 "
2023,estratificado,-,-,-,-,-,-,no,40.6,37.7,43.6," 25,288,000 "
2023,estratificado,-,-,-,-,-,-,si,42.0,32.3,52.3," 1,819,000 "
2023,estratificado,hombre,20-39,-,-,-,-,-,35.3,28.5,42.7," 5,230,000 "
2023,estratificado,hombre,40-59,-,-,-,-,-,46.9,39.6,54.3," 5,296,000 "
2023,estratificado,hombre,60+,-,-,-,-,-,26.4,20.7,33.0," 2,016,000 "
2023,estratificado,mujer,20-39,-,-,-,-,-,37.0,31.9,42.5," 6,571,000 "
2023,estratificado,mujer,40-59,-,-,-,-,-,51.4,45.6,57.1," 7,254,000 "
2023,estratificado,mujer,60+,-,-,-,-,-,45.3,39.8,50.9," 3,170,000 "
2023,estratificado,hombre,-,rural,-,-,-,-,32.8,25.0,41.7," 2,307,000 "
2023,estratificado,hombre,-,urbano,-,-,-,-,38.3,33.6,43.2," 10,235,000 "
2023,estratificado,mujer,-,rural,-,-,-,-,48.0,41.3,54.8," 3,856,000 "
2023,estratificado,mujer,-,urbano,-,-,-,-,42.6,38.5,46.9," 13,139,000 "
2023,estratificado,hombre,-,-,norte ,-,-,-,45.4,32.0,59.5," 2,545,000 "
2023,estratificado,hombre,-,-,centro,-,-,-,36.7,31.5,42.1," 5,801,000 "
2023,estratificado,hombre,-,-,cdmx,-,-,-,35.6,21.8,52.3," 1,089,000 "
2023,estratificado,hombre,-,-,sur,-,-,-,33.5,27.1,40.6," 3,108,000 "
2023,estratificado,mujer,-,-,norte ,-,-,-,53.7,38.4,68.3," 4,049,000 "
2023,estratificado,mujer,-,-,centro,-,-,-,40.2,35.3,45.4," 6,760,000 "
2023,estratificado,mujer,-,-,cdmx,-,-,-,37.7,29.0,47.4," 1,321,000 "
2023,estratificado,mujer,-,-,sur,-,-,-,44.2,39.1,49.5," 4,866,000 "
2023,estratificado,hombre,-,-,-,primaria o menos,-,-,37.5,30.0,45.7," 2,775,000 "
2023,estratificado,hombre,-,-,-,secundaria,-,-,35.6,28.5,43.4," 3,459,000 "
2023,estratificado,hombre,-,-,-,media,-,-,38.8,30.5,47.7," 3,392,000 "
2023,estratificado,hombre,-,-,-,superior,-,-,36.9,29.1,45.4," 2,916,000 "
2023,estratificado,mujer,-,-,-,primaria o menos,-,-,50.9,45.1,56.6," 4,809,000 "
2023,estratificado,mujer,-,-,-,secundaria,-,-,48.3,41.6,55.0," 6,120,000 "
2023,estratificado,mujer,-,-,-,media,-,-,40.3,35.2,45.5," 4,071,000 "
2023,estratificado,mujer,-,-,-,superior,-,-,30.1,23.6,37.6," 1,996,000 "
2023,estratificado,hombre,-,-,-,-,bajo,-,29.9,24.5,35.9," 3,184,000 "
2023,estratificado,hombre,-,-,-,-,medio,-,45.2,36.7,53.9," 4,173,000 "
2023,estratificado,hombre,-,-,-,-,alto,-,37.4,32.5,42.5," 5,184,000 "
2023,estratificado,mujer,-,-,-,-,bajo,-,43.8,37.9,49.8," 5,790,000 "
2023,estratificado,mujer,-,-,-,-,medio,-,49.1,43.9,54.2," 5,889,000 "
2023,estratificado,mujer,-,-,-,-,alto,-,39.0,32.3,46.2," 5,317,000 "
2023,estratificado,hombre,-,-,-,-,-,no,37.2,32.8,41.9," 11,100,000 "
2023,estratificado,hombre,-,-,-,-,-,si,36.2,22.0,53.4," 677,000 "
2023,estratificado,mujer,-,-,-,-,-,no,43.6,39.7,47.5," 14,188,000 "
2023,estratificado,mujer,-,-,-,-,-,si,46.3,33.9,59.2," 1,142,000 "