año,sexo,grupo_de_edad,tipo_de_localidad_rural_o_urbano,region_geografica_de_Mexico,nivel_educativo,nivel_socioeconomico,presencia_de_discapacidad,porcentaje_de_diagnostico_de_diabetes,intervalo_de_confianza_inferior,intervalo_de_confianza_superior,poblacion_representada_con_diagnostico_de_diabetes
2000,-,-,-,-,-,-,-,5.7,5.3,6.1,2828000
2000,hombre,-,-,-,-,-,-,5.3,4.7,6,1244000
2000,mujer,-,-,-,-,-,-,6,5.6,6.5,1584000
2000,-,20-39,-,-,-,-,-,1.4,1.2,1.7,433000
2000,-,40-59,-,-,-,-,-,9.8,9.1,10.6,1333000
2000,-,60+,-,-,-,-,-,17.5,16,19,1061000
2000,-,-,rural,-,-,-,-,4.5,4.1,5.1,848000
2000,-,-,urbano,-,-,-,-,6.4,6,6.8,1980000
2000,-,-,-,norte ,-,-,-,6.7,5.9,7.5,656000
2000,-,-,-,centro,-,-,-,5.3,4.8,5.8,987000
2000,-,-,-,cdmx,-,-,-,7.3,6,8.7,463000
2000,-,-,-,sur,-,-,-,4.9,4.3,5.5,722000
2000,-,-,-,-,primaria o menos ,-,-,7.6,6.9,8.4,1679000
2000,-,-,-,-,secundaria,-,-,3.3,2.7,4.1,349000
2000,-,-,-,-,media,-,-,3.1,2.5,3.7,278000
2000,-,-,-,-,superior,-,-,3.7,2.7,5,167000
2000,-,-,-,-,-,bajo,-,3.5,3.1,3.9,522000
2000,-,-,-,-,-,medio,-,6,5.4,6.6,974000
2000,-,-,-,-,-,alto,-,7.2,6.6,7.9,1332000
2000,-,-,-,-,-,-,no,,,,
2000,-,-,-,-,-,-,si,,,,
2000,hombre,20-39,-,-,-,-,-,1.5,1.1,2.1,216000
2000,hombre,40-59,-,-,-,-,-,9,7.8,10.3,584000
2000,hombre,60+,-,-,-,-,-,15.5,13.9,17.3,443000
2000,mujer,20-39,-,-,-,-,-,1.4,1.1,1.6,217000
2000,mujer,40-59,-,-,-,-,-,10.6,9.6,11.7,749000
2000,mujer,60+,-,-,-,-,-,19.2,17,21.5,618000
2000,hombre,-,rural,-,-,-,-,3.9,3.3,4.6,343000
2000,hombre,-,urbano,-,-,-,-,6.2,5.4,7.1,901000
2000,mujer,-,rural,-,-,-,-,5.1,4.5,5.8,505000
2000,mujer,-,urbano,-,-,-,-,6.6,6,7.2,1079000
2000,hombre,-,-,norte ,-,-,-,5.9,5,7,279000
2000,hombre,-,-,centro,-,-,-,4.7,3.8,5.8,419000
2000,hombre,-,-,cdmx,-,-,-,8,5.6,11.1,221000
2000,hombre,-,-,sur,-,-,-,4.6,3.9,5.6,326000
2000,mujer,-,-,norte ,-,-,-,7.4,6.5,8.3,377000
2000,mujer,-,-,centro,-,-,-,5.8,5.1,6.7,568000
2000,mujer,-,-,cdmx,-,-,-,6.7,5.2,8.6,242000
2000,mujer,-,-,sur,-,-,-,5,4.4,5.7,396000
2000,hombre,-,-,-,primaria o menos ,-,-,7.1,6.1,8.3,680000
2000,hombre,-,-,-,secundaria,-,-,3.9,2.9,5.3,214000
2000,hombre,-,-,-,media,-,-,3.4,2.4,4.8,142000
2000,hombre,-,-,-,superior,-,-,4.1,2.8,6.1,122000
2000,mujer,-,-,-,primaria o menos ,-,-,8,7.2,8.8,999000
2000,mujer,-,-,-,secundaria,-,-,2.7,2,3.5,135000
2000,mujer,-,-,-,media,-,-,2.8,2.2,3.6,135000
2000,mujer,-,-,-,superior,-,-,2.8,2,4,45000
2000,hombre,-,-,-,-,bajo,-,2.7,2.2,3.4,189000
2000,hombre,-,-,-,-,medio,-,5.8,4.8,7,440000
2000,hombre,-,-,-,-,alto,-,6.9,6,7.9,614000
2000,mujer,-,-,-,-,bajo,-,4.2,3.7,4.7,333000
2000,mujer,-,-,-,-,medio,-,6.1,5.4,6.9,533000
2000,mujer,-,-,-,-,alto,-,7.5,6.7,8.3,717000
2000,hombre,-,-,-,-,-,no,,,,
2000,hombre,-,-,-,-,-,si,,,,
2000,mujer,-,-,-,-,-,no,,,,
2000,mujer,-,-,-,-,-,si,,,,
2006,-,-,-,-,-,-,-,7,6.6,7.5,4212000
2006,hombre,-,-,-,-,-,-,6.6,6,7.3,1789000
2006,mujer,-,-,-,-,-,-,7.4,6.9,7.9,2423000
2006,-,20-39,-,-,-,-,-,1.8,1.5,2.2,545000
2006,-,40-59,-,-,-,-,-,9.6,8.8,10.5,1905000
2006,-,60+,-,-,-,-,-,17.5,16,19,1761000
2006,-,-,rural,-,-,-,-,4.8,4.2,5.5,588000
2006,-,-,urbano,-,-,-,-,7.6,7.1,8.2,3624000
2006,-,-,-,norte ,-,-,-,7.4,6.8,8,879000
2006,-,-,-,centro,-,-,-,6.9,6.1,7.7,1604000
2006,-,-,-,cdmx,-,-,-,8.2,6.5,10.3,568000
2006,-,-,-,sur,-,-,-,6.5,5.9,7.2,1161000
2006,-,-,-,-,primaria o menos ,-,-,9.9,9.2,10.6,2590000
2006,-,-,-,-,secundaria,-,-,4.2,3.5,5.1,460000
2006,-,-,-,-,media,-,-,4,3.1,5.1,306000
2006,-,-,-,-,superior,-,-,4.1,3,5.5,196000
2006,-,-,-,-,-,bajo,-,5.2,4.6,5.9,713000
2006,-,-,-,-,-,medio,-,7.7,7,8.4,1189000
2006,-,-,-,-,-,alto,-,8.1,7.3,9,1651000
2006,-,-,-,-,-,-,no,,,,
2006,-,-,-,-,-,-,si,,,,
2006,hombre,20-39,-,-,-,-,-,1.9,1.5,2.4,253000
2006,hombre,40-59,-,-,-,-,-,9.3,8.1,10.7,851000
2006,hombre,60+,-,-,-,-,-,15.1,13.2,17.3,685000
2006,mujer,20-39,-,-,-,-,-,1.8,1.4,2.2,292000
2006,mujer,40-59,-,-,-,-,-,9.9,8.9,10.9,1054000
2006,mujer,60+,-,-,-,-,-,19.4,17.6,21.3,1077000
2006,hombre,-,rural,-,-,-,-,3.8,3.1,4.6,214000
2006,hombre,-,urbano,-,-,-,-,7.3,6.6,8.2,1576000
2006,mujer,-,rural,-,-,-,-,5.6,4.9,6.5,375000
2006,mujer,-,urbano,-,-,-,-,7.8,7.2,8.5,2048000
2006,hombre,-,-,norte ,-,-,-,6.2,5.5,7,346000
2006,hombre,-,-,centro,-,-,-,7.1,6,8.4,738000
2006,hombre,-,-,cdmx,-,-,-,7.5,5,11.2,241000
2006,hombre,-,-,sur,-,-,-,5.9,5.1,6.8,465000
2006,mujer,-,-,norte ,-,-,-,8.4,7.6,9.3,534000
2006,mujer,-,-,centro,-,-,-,6.7,5.9,7.7,866000
2006,mujer,-,-,cdmx,-,-,-,8.8,7,11,327000
2006,mujer,-,-,sur,-,-,-,7,6.2,7.9,696000
2006,hombre,-,-,-,primaria o menos ,-,-,8.3,7.4,9.3,902000
2006,hombre,-,-,-,secundaria,-,-,5.2,4.1,6.7,274000
2006,hombre,-,-,-,media,-,-,4.1,3,5.6,137000
2006,hombre,-,-,-,superior,-,-,5.8,4.1,8.3,154000
2006,mujer,-,-,-,primaria o menos ,-,-,11,10.2,12,1688000
2006,mujer,-,-,-,secundaria,-,-,3.3,2.6,4.2,187000
2006,mujer,-,-,-,media,-,-,3.9,2.7,5.7,169000
2006,mujer,-,-,-,superior,-,-,1.9,1.2,3.1,42000
2006,hombre,-,-,-,-,bajo,-,4.2,3.5,5,255000
2006,hombre,-,-,-,-,medio,-,6.8,5.7,8,456000
2006,hombre,-,-,-,-,alto,-,8.2,7,9.5,756000
2006,mujer,-,-,-,-,bajo,-,6.1,5.2,7,458000
2006,mujer,-,-,-,-,medio,-,8.4,7.5,9.4,733000
2006,mujer,-,-,-,-,alto,-,8.1,7.1,9.1,895000
2006,hombre,-,-,-,-,-,no,,,,
2006,hombre,-,-,-,-,-,si,,,,
2006,mujer,-,-,-,-,-,no,,,,
2006,mujer,-,-,-,-,-,si,,,,
2012,-,-,-,-,-,-,-,9,7.9,10.2,5635000
2012,hombre,-,-,-,-,-,-,8.6,7,10.6,2593000
2012,mujer,-,-,-,-,-,-,9.3,8,10.9,3042000
2012,-,20-39,-,-,-,-,-,1.5,1,2.3,469000
2012,-,40-59,-,-,-,-,-,13.3,11.1,15.9,2829000
2012,-,60+,-,-,-,-,-,23.9,19.8,28.6,2336000
2012,-,-,rural,-,-,-,-,6.6,5.5,7.8,877000
2012,-,-,urbano,-,-,-,-,9.7,8.3,11.2,4758000
2012,-,-,-,norte ,-,-,-,8.6,7.3,10.2,1097000
2012,-,-,-,centro,-,-,-,8,6.5,9.9,1912000
2012,-,-,-,cdmx,-,-,-,14,9.2,20.8,1050000
2012,-,-,-,sur,-,-,-,8.4,6.8,10.4,1576000
2012,-,-,-,-,primaria o menos ,-,-,,,,
2012,-,-,-,-,secundaria,-,-,,,,
2012,-,-,-,-,media,-,-,,,,
2012,-,-,-,-,superior,-,-,,,,
2012,-,-,-,-,-,bajo,-,7.6,6.4,9,1499000
2012,-,-,-,-,-,medio,-,8.1,6.7,9.8,1773000
2012,-,-,-,-,-,alto,-,11.2,9,13.9,2363000
2012,-,-,-,-,-,-,no,,,,
2012,-,-,-,-,-,-,si,,,,
2012,hombre,20-39,-,-,-,-,-,,,,
2012,hombre,40-59,-,-,-,-,-,13.8,10.4,18,1430000
2012,hombre,60+,-,-,-,-,-,22.9,16.2,31.2,986000
2012,mujer,20-39,-,-,-,-,-,,,,
2012,mujer,40-59,-,-,-,-,-,12.8,10.3,15.8,1399000
2012,mujer,60+,-,-,-,-,-,24.7,19.9,30.3,1350000
2012,hombre,-,rural,-,-,-,-,6.1,4.5,8.2,409000
2012,hombre,-,urbano,-,-,-,-,9.4,7.3,11.8,2185000
2012,mujer,-,rural,-,-,-,-,7,5.7,8.6,469000
2012,mujer,-,urbano,-,-,-,-,9.9,8.3,11.9,2573000
2012,hombre,-,-,norte ,-,-,-,,,,
2012,hombre,-,-,centro,-,-,-,,,,
2012,hombre,-,-,cdmx,-,-,-,,,,
2012,hombre,-,-,sur,-,-,-,,,,
2012,mujer,-,-,norte ,-,-,-,,,,
2012,mujer,-,-,centro,-,-,-,,,,
2012,mujer,-,-,cdmx,-,-,-,,,,
2012,mujer,-,-,sur,-,-,-,,,,
2012,hombre,-,-,-,primaria o menos ,-,-,,,,
2012,hombre,-,-,-,secundaria,-,-,,,,
2012,hombre,-,-,-,media,-,-,,,,
2012,hombre,-,-,-,superior,-,-,,,,
2012,mujer,-,-,-,primaria o menos ,-,-,,,,
2012,mujer,-,-,-,secundaria,-,-,,,,
2012,mujer,-,-,-,media,-,-,,,,
2012,mujer,-,-,-,superior,-,-,,,,
2012,hombre,-,-,-,-,bajo,-,6.3,4.6,8.7,622000
2012,hombre,-,-,-,-,medio,-,6.6,4.9,8.8,679000
2012,hombre,-,-,-,-,alto,-,13,9.3,17.9,1293000
2012,mujer,-,-,-,-,bajo,-,8.8,7.3,10.5,877000
2012,mujer,-,-,-,-,medio,-,9.5,7.5,12,1094000
2012,mujer,-,-,-,-,alto,-,9.6,7.2,12.8,1070000
2012,hombre,-,-,-,-,-,no,,,,
2012,hombre,-,-,-,-,-,si,,,,
2012,mujer,-,-,-,-,-,no,,,,
2012,mujer,-,-,-,-,-,si,,,,
2016,-,-,-,-,-,-,-,9.6,8.2,11.1,6355000
2016,hombre,-,-,-,-,-,-,7.8,5.9,10.2,2456000
2016,mujer,-,-,-,-,-,-,11.2,9.3,13.6,3899000
2016,-,20-39,-,-,-,-,-,2,1.1,3.4,641000
2016,-,40-59,-,-,-,-,-,12.9,10.1,16.4,2992000
2016,-,60+,-,-,-,-,-,24.9,20,30.5,2722000
2016,-,-,rural,-,-,-,-,9.1,7.4,11,1361000
2016,-,-,urbano,-,-,-,-,9.7,8.1,11.7,4994000
2016,-,-,-,norte ,-,-,-,10.2,7.1,14.4,1320000
2016,-,-,-,centro,-,-,-,8.4,6.3,11.1,1901000
2016,-,-,-,cdmx,-,-,-,9.1,6.1,13.5,1088000
2016,-,-,-,sur,-,-,-,10.9,8.7,13.6,2047000
2016,-,-,-,-,primaria o menos ,-,-,15.1,12.7,17.9,3550000
2016,-,-,-,-,secundaria,-,-,7,5,9.8,1388000
2016,-,-,-,-,media,-,-,7.6,4.4,12.8,980000
2016,-,-,-,-,superior,-,-,,,,437000
2016,-,-,-,-,-,bajo,-,8.5,6.5,11,1200000
2016,-,-,-,-,-,medio,-,10.7,8.4,13.7,2183000
2016,-,-,-,-,-,alto,-,9.3,7.2,12,2972000
2016,-,-,-,-,-,-,no,,,,
2016,-,-,-,-,-,-,si,,,,
2016,hombre,20-39,-,-,-,-,-,,,,
2016,hombre,40-59,-,-,-,-,-,13.4,8.7,19.9,1368000
2016,hombre,60+,-,-,-,-,-,18.8,13.3,25.9,1059000
2016,mujer,20-39,-,-,-,-,-,,,,
2016,mujer,40-59,-,-,-,-,-,12.6,9.4,16.7,1624000
2016,mujer,60+,-,-,-,-,-,31.4,24.9,38.7,1664000
2016,hombre,-,rural,-,-,-,-,7.3,4.9,10.6,525000
2016,hombre,-,urbano,-,-,-,-,7.9,5.6,11,1931000
2016,mujer,-,rural,-,-,-,-,10.7,8.8,12.9,837000
2016,mujer,-,urbano,-,-,-,-,11.4,9,14.4,3063000
2016,hombre,-,-,norte ,-,-,-,,,,
2016,hombre,-,-,centro,-,-,-,,,,
2016,hombre,-,-,cdmx,-,-,-,,,,
2016,hombre,-,-,sur,-,-,-,,,,
2016,mujer,-,-,norte ,-,-,-,,,,
2016,mujer,-,-,centro,-,-,-,,,,
2016,mujer,-,-,cdmx,-,-,-,,,,
2016,mujer,-,-,sur,-,-,-,,,,
2016,hombre,-,-,-,primaria o menos ,-,-,,,,
2016,hombre,-,-,-,secundaria,-,-,,,,
2016,hombre,-,-,-,media,-,-,,,,
2016,hombre,-,-,-,superior,-,-,,,,
2016,mujer,-,-,-,primaria o menos ,-,-,,,,
2016,mujer,-,-,-,secundaria,-,-,,,,
2016,mujer,-,-,-,media,-,-,,,,
2016,mujer,-,-,-,superior,-,-,,,,
2016,hombre,-,-,-,-,bajo,-,,,,
2016,hombre,-,-,-,-,medio,-,,,,
2016,hombre,-,-,-,-,alto,-,,,,
2016,mujer,-,-,-,-,bajo,-,,,,
2016,mujer,-,-,-,-,medio,-,,,,
2016,mujer,-,-,-,-,alto,-,,,,
2016,hombre,-,-,-,-,-,no,,,,
2016,hombre,-,-,-,-,-,si,,,,
2016,mujer,-,-,-,-,-,no,,,,
2016,mujer,-,-,-,-,-,si,,,,
2018,-,-,-,-,-,-,-,10.5,9.6,11.3,8174000
2018,hombre,-,-,-,-,-,-,8.9,7.9,10.1,3231000
2018,mujer,-,-,-,-,-,-,11.7,10.5,13.1,4943000
2018,-,20-39,-,-,-,-,-,1.9,1.4,2.4,602000
2018,-,40-59,-,-,-,-,-,12.2,10.8,13.8,3611000
2018,-,60+,-,-,-,-,-,24.6,21.9,27.6,3960000
2018,-,-,rural,-,-,-,-,8.6,7.6,9.8,1452000
2018,-,-,urbano,-,-,-,-,11,10,12,6723000
2018,-,-,-,norte ,-,-,-,11.8,10.1,13.6,1762000
2018,-,-,-,centro,-,-,-,8.7,7.6,9.9,2256000
2018,-,-,-,cdmx,-,-,-,11.9,9,15.5,1584000
2018,-,-,-,sur,-,-,-,10.8,9.6,12.1,2573000
2018,-,-,-,-,primaria o menos ,-,-,18.1,16.3,20.1,4528000
2018,-,-,-,-,secundaria,-,-,8.7,7.4,10.1,1830000
2018,-,-,-,-,media,-,-,6,4.7,7.7,1084000
2018,-,-,-,-,superior,-,-,5.2,3.9,7,732000
2018,-,-,-,-,-,bajo,-,10.3,9.1,11.6,2356000
2018,-,-,-,-,-,medio,-,11,9.7,12.4,2836000
2018,-,-,-,-,-,alto,-,10.1,8.7,11.8,2982000
2018,-,-,-,-,-,-,no,9.2,8.4,10.1,6583000
2018,-,-,-,-,-,-,si,23.8,20,28.2,1591000
2018,hombre,20-39,-,-,-,-,-,1.7,1.2,2.4,264000
2018,hombre,40-59,-,-,-,-,-,10.8,8.8,13,1423000
2018,hombre,60+,-,-,-,-,-,22,18.8,25.5,1544000
2018,mujer,20-39,-,-,-,-,-,2,1.4,2.8,338000
2018,mujer,40-59,-,-,-,-,-,13.4,11.5,15.5,2188000
2018,mujer,60+,-,-,-,-,-,26.6,22.5,31.1,2417000
2018,hombre,-,rural,-,-,-,-,7.2,5.8,8.8,602000
2018,hombre,-,urbano,-,-,-,-,9.5,8.3,10.9,2629000
2018,mujer,-,rural,-,-,-,-,10.1,8.6,11.8,850000
2018,mujer,-,urbano,-,-,-,-,12.2,10.7,13.8,4093000
2018,hombre,-,-,norte ,-,-,-,8,6.1,10.3,553000
2018,hombre,-,-,centro,-,-,-,8.5,7.1,10.2,1080000
2018,hombre,-,-,cdmx,-,-,-,10.9,7.2,16.3,602000
2018,hombre,-,-,sur,-,-,-,9.1,7.7,10.8,995000
2018,mujer,-,-,norte ,-,-,-,15.1,12.7,17.9,1209000
2018,mujer,-,-,centro,-,-,-,8.8,7.4,10.5,1175000
2018,mujer,-,-,cdmx,-,-,-,12.5,8.5,18.1,981000
2018,mujer,-,-,sur,-,-,-,12.2,10.5,14.2,1577000
2018,hombre,-,-,-,primaria o menos ,-,-,15.1,13.1,17.4,1623000
2018,hombre,-,-,-,secundaria,-,-,6.7,5.1,8.6,660000
2018,hombre,-,-,-,media,-,-,6.9,4.7,9.9,555000
2018,hombre,-,-,-,superior,-,-,5.3,3.7,7.6,392000
2018,mujer,-,-,-,primaria o menos ,-,-,20.4,17.7,23.4,2905000
2018,mujer,-,-,-,secundaria,-,-,10.5,8.7,12.6,1169000
2018,mujer,-,-,-,media,-,-,5.3,3.8,7.3,529000
2018,mujer,-,-,-,superior,-,-,5,3.1,8.2,340000
2018,hombre,-,-,-,-,bajo,-,7.4,6.1,9,811000
2018,hombre,-,-,-,-,medio,-,9.9,8.1,12,1156000
2018,hombre,-,-,-,-,alto,-,9.4,7.6,11.5,1264000
2018,mujer,-,-,-,-,bajo,-,12.8,11,14.9,1545000
2018,mujer,-,-,-,-,medio,-,11.9,10.2,14,1680000
2018,mujer,-,-,-,-,alto,-,10.8,8.5,13.5,1718000
2018,hombre,-,-,-,-,-,no,7.8,6.8,8.8,2598000
2018,hombre,-,-,-,-,-,si,23.4,18.1,29.7,633000
2018,mujer,-,-,-,-,-,no,10.5,9.3,11.8,3985000
2018,mujer,-,-,-,-,-,si,24.1,18.9,30.2,958000
2020,-,-,-,-,-,-,-,,,,
2020,hombre,-,-,-,-,-,-,,,,
2020,mujer,-,-,-,-,-,-,,,,
2020,-,20-39,-,-,-,-,-,,,,
2020,-,40-59,-,-,-,-,-,,,,
2020,-,60+,-,-,-,-,-,,,,
2020,-,-,rural,-,-,-,-,,,,
2020,-,-,urbano,-,-,-,-,,,,
2020,-,-,-,norte ,-,-,-,,,,
2020,-,-,-,centro,-,-,-,,,,
2020,-,-,-,cdmx,-,-,-,,,,
2020,-,-,-,sur,-,-,-,,,,
2020,-,-,-,-,primaria o menos ,-,-,,,,
2020,-,-,-,-,secundaria,-,-,,,,
2020,-,-,-,-,media,-,-,,,,
2020,-,-,-,-,superior,-,-,,,,
2020,-,-,-,-,-,bajo,-,,,,
2020,-,-,-,-,-,medio,-,,,,
2020,-,-,-,-,-,alto,-,,,,
2020,-,-,-,-,-,-,no,,,,
2020,-,-,-,-,-,-,si,,,,
2020,hombre,20-39,-,-,-,-,-,,,,
2020,hombre,40-59,-,-,-,-,-,,,,
2020,hombre,60+,-,-,-,-,-,,,,
2020,mujer,20-39,-,-,-,-,-,,,,
2020,mujer,40-59,-,-,-,-,-,,,,
2020,mujer,60+,-,-,-,-,-,,,,
2020,hombre,-,rural,-,-,-,-,,,,
2020,hombre,-,urbano,-,-,-,-,,,,
2020,mujer,-,rural,-,-,-,-,,,,
2020,mujer,-,urbano,-,-,-,-,,,,
2020,hombre,-,-,norte ,-,-,-,,,,
2020,hombre,-,-,centro,-,-,-,,,,
2020,hombre,-,-,cdmx,-,-,-,,,,
2020,hombre,-,-,sur,-,-,-,,,,
2020,mujer,-,-,norte ,-,-,-,,,,
2020,mujer,-,-,centro,-,-,-,,,,
2020,mujer,-,-,cdmx,-,-,-,,,,
2020,mujer,-,-,sur,-,-,-,,,,
2020,hombre,-,-,-,primaria o menos ,-,-,,,,
2020,hombre,-,-,-,secundaria,-,-,,,,
2020,hombre,-,-,-,media,-,-,,,,
2020,hombre,-,-,-,superior,-,-,,,,
2020,mujer,-,-,-,primaria o menos ,-,-,,,,
2020,mujer,-,-,-,secundaria,-,-,,,,
2020,mujer,-,-,-,media,-,-,,,,
2020,mujer,-,-,-,superior,-,-,,,,
2020,hombre,-,-,-,-,bajo,-,,,,
2020,hombre,-,-,-,-,medio,-,,,,
2020,hombre,-,-,-,-,alto,-,,,,
2020,mujer,-,-,-,-,bajo,-,,,,
2020,mujer,-,-,-,-,medio,-,,,,
2020,mujer,-,-,-,-,alto,-,,,,
2020,hombre,-,-,-,-,-,no,,,,
2020,hombre,-,-,-,-,-,si,,,,
2020,mujer,-,-,-,-,-,no,,,,
2020,mujer,-,-,-,-,-,si,,,,
2021,-,-,-,-,-,-,-,11.7,9.8,14.1,7893000
2021,hombre,-,-,-,-,-,-,12.2,9.1,16.1,3766000
2021,mujer,-,-,-,-,-,-,11.4,9.3,13.8,4127000
2021,-,20-39,-,-,-,-,-,,,,
2021,-,40-59,-,-,-,-,-,13.6,10.4,17.6,3307000
2021,-,60+,-,-,-,-,-,27.4,21,34.8,4079000
2021,-,-,rural,-,-,-,-,9,6.1,13.2,1209000
2021,-,-,urbano,-,-,-,-,12.4,10.1,15.2,6684000
2021,-,-,-,norte ,-,-,-,,,,
2021,-,-,-,centro,-,-,-,,,,
2021,-,-,-,cdmx,-,-,-,,,,
2021,-,-,-,sur,-,-,-,,,,
2021,-,-,-,-,primaria o menos ,-,-,,,,
2021,-,-,-,-,secundaria,-,-,,,,
2021,-,-,-,-,media,-,-,,,,
2021,-,-,-,-,superior,-,-,,,,
2021,-,-,-,-,-,bajo,-,12.9,9.5,17.3,2626000
2021,-,-,-,-,-,medio,-,9.1,6.4,12.8,2071000
2021,-,-,-,-,-,alto,-,13.3,9.8,17.7,3195000
2021,-,-,-,-,-,-,no,10.5,8.6,12.9,6400000
2021,-,-,-,-,-,-,si,23,16,31.8,1493000
2021,hombre,20-39,-,-,-,-,-,,,,
2021,hombre,40-59,-,-,-,-,-,11.5,6.8,18.8,1177000
2021,hombre,60+,-,-,-,-,-,28.6,19.9,39.1,2174000
2021,mujer,20-39,-,-,-,-,-,,,,
2021,mujer,40-59,-,-,-,-,-,15.2,11.5,19.8,2129000
2021,mujer,60+,-,-,-,-,-,26.1,19.2,34.5,1905000
2021,hombre,-,rural,-,-,-,-,3.9,2.2,6.7,
2021,hombre,-,urbano,-,-,-,-,14.2,10.5,19,3534000
2021,mujer,-,rural,-,-,-,-,13.2,8.7,19.6,976000
2021,mujer,-,urbano,-,-,-,-,10.9,8.7,13.6,3150000
2021,hombre,-,-,norte ,-,-,-,,,,
2021,hombre,-,-,centro,-,-,-,,,,
2021,hombre,-,-,cdmx,-,-,-,,,,
2021,hombre,-,-,sur,-,-,-,,,,
2021,mujer,-,-,norte ,-,-,-,,,,
2021,mujer,-,-,centro,-,-,-,,,,
2021,mujer,-,-,cdmx,-,-,-,,,,
2021,mujer,-,-,sur,-,-,-,,,,
2021,hombre,-,-,-,primaria o menos ,-,-,,,,
2021,hombre,-,-,-,secundaria,-,-,,,,
2021,hombre,-,-,-,media,-,-,,,,
2021,hombre,-,-,-,superior,-,-,,,,
2021,mujer,-,-,-,primaria o menos ,-,-,,,,
2021,mujer,-,-,-,secundaria,-,-,,,,
2021,mujer,-,-,-,media,-,-,,,,
2021,mujer,-,-,-,superior,-,-,,,,
2021,hombre,-,-,-,-,bajo,-,,,,
2021,hombre,-,-,-,-,medio,-,,,,
2021,hombre,-,-,-,-,alto,-,,,,
2021,mujer,-,-,-,-,bajo,-,,,,
2021,mujer,-,-,-,-,medio,-,,,,
2021,mujer,-,-,-,-,alto,-,,,,
2021,hombre,-,-,-,-,-,no,,,,
2021,hombre,-,-,-,-,-,si,,,,
2021,mujer,-,-,-,-,-,no,,,,
2021,mujer,-,-,-,-,-,si,,,,
2022,-,-,-,-,-,-,-,12.8,10.7,15.4,9658000
2022,hombre,-,-,-,-,-,-,11.5,8.6,15.2,4173000
2022,mujer,-,-,-,-,-,-,14.1,11.5,17.2,5485000
2022,-,20-39,-,-,-,-,-,,,,
2022,-,40-59,-,-,-,-,-,14.6,10.7,19.8,3957000
2022,-,60+,-,-,-,-,-,30.3,23.7,37.7,4952000
2022,-,-,rural,-,-,-,-,9.6,6.9,13.2,1463000
2022,-,-,urbano,-,-,-,-,13.7,11.1,16.8,8194000
2022,-,-,-,norte ,-,-,-,,,,
2022,-,-,-,centro,-,-,-,,,,
2022,-,-,-,cdmx,-,-,-,,,,
2022,-,-,-,sur,-,-,-,,,,
2022,-,-,-,-,primaria o menos ,-,-,,,,
2022,-,-,-,-,secundaria,-,-,,,,
2022,-,-,-,-,media,-,-,,,,
2022,-,-,-,-,superior,-,-,,,,
2022,-,-,-,-,-,bajo,-,9.3,7.1,12.2,1984000
2022,-,-,-,-,-,medio,-,13.4,10.2,17.3,3496000
2022,-,-,-,-,-,alto,-,15,11,20.3,4177000
2022,-,-,-,-,-,-,no,10.9,8.8,13.4,7268000
2022,-,-,-,-,-,-,si,28.1,21.5,35.8,2389000
2022,hombre,20-39,-,-,-,-,-,,,,
2022,hombre,40-59,-,-,-,-,-,13.4,8.1,21.2,1703000
2022,hombre,60+,-,-,-,-,-,28,18.9,39.5,2106000
2022,mujer,20-39,-,-,-,-,-,,,,
2022,mujer,40-59,-,-,-,-,-,15.8,11.2,21.8,2253000
2022,mujer,60+,-,-,-,-,-,32.2,24.7,40.6,2846000
2022,hombre,-,rural,-,-,-,-,7.2,4.7,10.9,554000
2022,hombre,-,urbano,-,-,-,-,12.6,9.1,17.4,3619000
2022,mujer,-,rural,-,-,-,-,12,8.1,17.4,909000
2022,mujer,-,urbano,-,-,-,-,14.6,11.5,18.3,4576000
2022,hombre,-,-,norte ,-,-,-,,,,
2022,hombre,-,-,centro,-,-,-,,,,
2022,hombre,-,-,cdmx,-,-,-,,,,
2022,hombre,-,-,sur,-,-,-,,,,
2022,mujer,-,-,norte ,-,-,-,,,,
2022,mujer,-,-,centro,-,-,-,,,,
2022,mujer,-,-,cdmx,-,-,-,,,,
2022,mujer,-,-,sur,-,-,-,,,,
2022,hombre,-,-,-,primaria o menos ,-,-,,,,
2022,hombre,-,-,-,secundaria,-,-,,,,
2022,hombre,-,-,-,media,-,-,,,,
2022,hombre,-,-,-,superior,-,-,,,,
2022,mujer,-,-,-,primaria o menos ,-,-,,,,
2022,mujer,-,-,-,secundaria,-,-,,,,
2022,mujer,-,-,-,media,-,-,,,,
2022,mujer,-,-,-,superior,-,-,,,,
2022,hombre,-,-,-,-,bajo,-,6.4,4,10,704000
2022,hombre,-,-,-,-,medio,-,8.4,5,13.9,1033000
2022,hombre,-,-,-,-,alto,-,18.7,12.3,27.3,2435000
2022,mujer,-,-,-,-,bajo,-,12.4,8.7,17.4,1280000
2022,mujer,-,-,-,-,medio,-,17.7,13,23.6,2463000
2022,mujer,-,-,-,-,alto,-,11.8,8,17.1,1742000
2022,hombre,-,-,-,-,-,no,10.4,7.4,14.5,3404000
2022,hombre,-,-,-,-,-,si,21.3,11.4,36.3,768000
2022,mujer,-,-,-,-,-,no,11.3,8.7,14.6,3864000
2022,mujer,-,-,-,-,-,si,33.1,23.2,44.7,1621000
2023,-,-,-,-,-,-,-,12.2,9.6,15.3,8967000
2023,hombre,-,-,-,-,-,-,11.7,7.8,17.2,4198000
2023,mujer,-,-,-,-,-,-,12.6,10,15.8,4769000
2023,-,20-39,-,-,-,-,-,,,,
2023,-,40-59,-,-,-,-,-,12.9,8.3,19.5,3666000
2023,-,60+,-,-,-,-,-,32,24.2,41,4924000
2023,-,-,rural,-,-,-,-,,,,
2023,-,-,urbano,-,-,-,-,,,,
2023,-,-,-,norte ,-,-,-,,,,
2023,-,-,-,centro,-,-,-,,,,
2023,-,-,-,cdmx,-,-,-,,,,
2023,-,-,-,sur,-,-,-,,,,
2023,-,-,-,-,primaria o menos ,-,-,,,,
2023,-,-,-,-,secundaria,-,-,,,,
2023,-,-,-,-,media,-,-,,,,
2023,-,-,-,-,superior,-,-,,,,
2023,-,-,-,-,-,bajo,-,10.4,7,15.2,2620000
2023,-,-,-,-,-,medio,-,14.7,10,21.2,3133000
2023,-,-,-,-,-,alto,-,11.8,7.6,17.9,3214000
2023,-,-,-,-,-,-,no,,,,
2023,-,-,-,-,-,-,si,,,,
2023,hombre,20-39,-,-,-,-,-,,,,
2023,hombre,40-59,-,-,-,-,-,,,,
2023,hombre,60+,-,-,-,-,-,,,,
2023,mujer,20-39,-,-,-,-,-,,,,
2023,mujer,40-59,-,-,-,-,-,,,,
2023,mujer,60+,-,-,-,-,-,,,,
2023,hombre,-,rural,-,-,-,-,,,,
2023,hombre,-,urbano,-,-,-,-,,,,
2023,mujer,-,rural,-,-,-,-,,,,
2023,mujer,-,urbano,-,-,-,-,,,,
2023,hombre,-,-,norte ,-,-,-,,,,
2023,hombre,-,-,centro,-,-,-,,,,
2023,hombre,-,-,cdmx,-,-,-,,,,
2023,hombre,-,-,sur,-,-,-,,,,
2023,mujer,-,-,norte ,-,-,-,,,,
2023,mujer,-,-,centro,-,-,-,,,,
2023,mujer,-,-,cdmx,-,-,-,,,,
2023,mujer,-,-,sur,-,-,-,,,,
2023,hombre,-,-,-,primaria o menos ,-,-,,,,
2023,hombre,-,-,-,secundaria,-,-,,,,
2023,hombre,-,-,-,media,-,-,,,,
2023,hombre,-,-,-,superior,-,-,,,,
2023,mujer,-,-,-,primaria o menos ,-,-,,,,
2023,mujer,-,-,-,secundaria,-,-,,,,
2023,mujer,-,-,-,media,-,-,,,,
2023,mujer,-,-,-,superior,-,-,,,,
2023,hombre,-,-,-,-,bajo,-,,,,
2023,hombre,-,-,-,-,medio,-,,,,
2023,hombre,-,-,-,-,alto,-,,,,
2023,mujer,-,-,-,-,bajo,-,,,,
2023,mujer,-,-,-,-,medio,-,,,,
2023,mujer,-,-,-,-,alto,-,,,,
2023,hombre,-,-,-,-,-,no,,,,
2023,hombre,-,-,-,-,-,si,,,,
2023,mujer,-,-,-,-,-,no,,,,
2023,mujer,-,-,-,-,-,si,,,,